/*
Navicat MySQL Data Transfer

Source Server         : localhost_3306
Source Server Version : 80012
Source Host           : localhost:3306
Source Database       : pmall

Target Server Type    : MYSQL
Target Server Version : 80012
File Encoding         : 65001

Date: 2019-09-08 16:03:41
*/

SET FOREIGN_KEY_CHECKS=0;

-- ----------------------------
-- Table structure for address
-- ----------------------------
DROP TABLE IF EXISTS `address`;
CREATE TABLE `address` (
  `addr_Id` int(10) NOT NULL AUTO_INCREMENT COMMENT '地址编号',
  `addr_province` varchar(10) NOT NULL COMMENT '外键 所属省份',
  `addr_city` varchar(10) NOT NULL COMMENT '外键 所属城市',
  `addr_area` varchar(10) NOT NULL COMMENT '外键 所属区县',
  `addr_detail` varchar(50) NOT NULL COMMENT '详细地址',
  `addr_user` int(10) NOT NULL COMMENT '外键 所属用户',
  `addr_zipcode` varchar(6) DEFAULT NULL COMMENT '邮政编码',
  `addr_phone` varchar(11) NOT NULL COMMENT '联系方式',
  `addr_nickname` varchar(20) NOT NULL COMMENT '收货昵称',
  `addr_state` int(10) NOT NULL DEFAULT '0' COMMENT '地址状态 默认为0  1：默认 0：不默认 -1:删除',
  PRIMARY KEY (`addr_Id`)
) ENGINE=InnoDB AUTO_INCREMENT=6 DEFAULT CHARSET=utf8;

-- ----------------------------
-- Records of address
-- ----------------------------
INSERT INTO `address` VALUES ('1', '北京', '北京市', '东城区', '东城区1号', '27', '100101', '15362146279', 'wxj1235', '0');
INSERT INTO `address` VALUES ('2', '广东省', '中山市', '石岐区', '电子科技大学中山学院', '27', '510000', '15827367671', '茹茹', '0');
INSERT INTO `address` VALUES ('3', '江苏省', '南京市', '秦淮区', '南京市政府门口', '27', '210020', '15362146246', 'wxj124', '0');
INSERT INTO `address` VALUES ('4', '浙江省', '嘉兴市', '嘉善县', '郑江山', '27', '152211', '15361235246', 'wxj12222', '-1');
INSERT INTO `address` VALUES ('5', '广东省', '中山市', '古镇镇', '华星灯配城C30-31', '27', '512200', '15823772712', '老佳', '0');

-- ----------------------------
-- Table structure for admins
-- ----------------------------
DROP TABLE IF EXISTS `admins`;
CREATE TABLE `admins` (
  `admin_id` int(10) NOT NULL AUTO_INCREMENT COMMENT '管理员编号',
  `admin_name` varchar(20) NOT NULL COMMENT '账号',
  `admin_pass` varchar(100) CHARACTER SET utf8 COLLATE utf8_general_ci NOT NULL COMMENT '密码',
  `admin_phone` varchar(11) NOT NULL COMMENT '联系手机',
  `admin_state` int(10) NOT NULL DEFAULT '1' COMMENT '管理员状态 默认为1  \r\n1：正常 0：禁用',
  `admin_img` varchar(255) CHARACTER SET utf8 COLLATE utf8_general_ci NOT NULL DEFAULT '1' COMMENT '头像路径',
  `admin_role` int(10) NOT NULL COMMENT '外键 管理员权限\r\n1：超级管理员\r\n2：普通管理员（运维）\r\n3：审核人员（客服）',
  PRIMARY KEY (`admin_id`)
) ENGINE=InnoDB AUTO_INCREMENT=15 DEFAULT CHARSET=utf8;

-- ----------------------------
-- Records of admins
-- ----------------------------
INSERT INTO `admins` VALUES ('12', 'test', 'e10adc3949ba59abbe56e057f20f883e', '13563453342', '1', '1', '3');
INSERT INTO `admins` VALUES ('13', 'admin', 'e10adc3949ba59abbe56e057f20f883e', '15362146279', '1', '1', '1');
INSERT INTO `admins` VALUES ('14', 'admin2', 'c84258e9c39059a89ab77d846ddab909', '15362146279', '1', '1', '2');

-- ----------------------------
-- Table structure for areas
-- ----------------------------
DROP TABLE IF EXISTS `areas`;
CREATE TABLE `areas` (
  `area_id` varchar(11) NOT NULL COMMENT '区县主键',
  `area_name` varchar(40) CHARACTER SET utf8 COLLATE utf8_general_ci NOT NULL COMMENT '区县名称',
  `city_id` varchar(10) CHARACTER SET utf8 COLLATE utf8_general_ci NOT NULL COMMENT '外键 所属城市编号',
  PRIMARY KEY (`area_id`) USING BTREE
) ENGINE=InnoDB DEFAULT CHARSET=utf8;

-- ----------------------------
-- Records of areas
-- ----------------------------
INSERT INTO `areas` VALUES ('110101', '东城区', '010');
INSERT INTO `areas` VALUES ('110102', '西城区', '010');
INSERT INTO `areas` VALUES ('110105', '朝阳区', '010');
INSERT INTO `areas` VALUES ('110106', '丰台区', '010');
INSERT INTO `areas` VALUES ('110107', '石景山区', '010');
INSERT INTO `areas` VALUES ('110108', '海淀区', '010');
INSERT INTO `areas` VALUES ('110109', '门头沟区', '010');
INSERT INTO `areas` VALUES ('110111', '房山区', '010');
INSERT INTO `areas` VALUES ('110112', '通州区', '010');
INSERT INTO `areas` VALUES ('110113', '顺义区', '010');
INSERT INTO `areas` VALUES ('110114', '昌平区', '010');
INSERT INTO `areas` VALUES ('110115', '大兴区', '010');
INSERT INTO `areas` VALUES ('110116', '怀柔区', '010');
INSERT INTO `areas` VALUES ('110117', '平谷区', '010');
INSERT INTO `areas` VALUES ('110228', '密云县', '010');
INSERT INTO `areas` VALUES ('110229', '延庆县', '010');
INSERT INTO `areas` VALUES ('120101', '和平区', '022');
INSERT INTO `areas` VALUES ('120102', '河东区', '022');
INSERT INTO `areas` VALUES ('120103', '河西区', '022');
INSERT INTO `areas` VALUES ('120104', '南开区', '022');
INSERT INTO `areas` VALUES ('120105', '河北区', '022');
INSERT INTO `areas` VALUES ('120106', '红桥区', '022');
INSERT INTO `areas` VALUES ('120110', '东丽区', '022');
INSERT INTO `areas` VALUES ('120111', '西青区', '022');
INSERT INTO `areas` VALUES ('120112', '津南区', '022');
INSERT INTO `areas` VALUES ('120113', '北辰区', '022');
INSERT INTO `areas` VALUES ('120114', '武清区', '022');
INSERT INTO `areas` VALUES ('120115', '宝坻区', '022');
INSERT INTO `areas` VALUES ('120116', '滨海新区', '022');
INSERT INTO `areas` VALUES ('120221', '宁河县', '022');
INSERT INTO `areas` VALUES ('120223', '静海县', '022');
INSERT INTO `areas` VALUES ('120225', '蓟县', '022');
INSERT INTO `areas` VALUES ('130102', '长安区', '0311');
INSERT INTO `areas` VALUES ('130104', '桥西区', '0311');
INSERT INTO `areas` VALUES ('130105', '新华区', '0311');
INSERT INTO `areas` VALUES ('130107', '井陉矿区', '0311');
INSERT INTO `areas` VALUES ('130108', '裕华区', '0311');
INSERT INTO `areas` VALUES ('130109', '藁城区', '0311');
INSERT INTO `areas` VALUES ('130110', '鹿泉区', '0311');
INSERT INTO `areas` VALUES ('130111', '栾城区', '0311');
INSERT INTO `areas` VALUES ('130121', '井陉县', '0311');
INSERT INTO `areas` VALUES ('130123', '正定县', '0311');
INSERT INTO `areas` VALUES ('130125', '行唐县', '0311');
INSERT INTO `areas` VALUES ('130126', '灵寿县', '0311');
INSERT INTO `areas` VALUES ('130127', '高邑县', '0311');
INSERT INTO `areas` VALUES ('130128', '深泽县', '0311');
INSERT INTO `areas` VALUES ('130129', '赞皇县', '0311');
INSERT INTO `areas` VALUES ('130130', '无极县', '0311');
INSERT INTO `areas` VALUES ('130131', '平山县', '0311');
INSERT INTO `areas` VALUES ('130132', '元氏县', '0311');
INSERT INTO `areas` VALUES ('130133', '赵县', '0311');
INSERT INTO `areas` VALUES ('130181', '辛集市', '0311');
INSERT INTO `areas` VALUES ('130183', '晋州市', '0311');
INSERT INTO `areas` VALUES ('130184', '新乐市', '0311');
INSERT INTO `areas` VALUES ('130202', '路南区', '0315');
INSERT INTO `areas` VALUES ('130203', '路北区', '0315');
INSERT INTO `areas` VALUES ('130204', '古冶区', '0315');
INSERT INTO `areas` VALUES ('130205', '开平区', '0315');
INSERT INTO `areas` VALUES ('130207', '丰南区', '0315');
INSERT INTO `areas` VALUES ('130208', '丰润区', '0315');
INSERT INTO `areas` VALUES ('130209', '曹妃甸区', '0315');
INSERT INTO `areas` VALUES ('130223', '滦县', '0315');
INSERT INTO `areas` VALUES ('130224', '滦南县', '0315');
INSERT INTO `areas` VALUES ('130225', '乐亭县', '0315');
INSERT INTO `areas` VALUES ('130227', '迁西县', '0315');
INSERT INTO `areas` VALUES ('130229', '玉田县', '0315');
INSERT INTO `areas` VALUES ('130281', '遵化市', '0315');
INSERT INTO `areas` VALUES ('130283', '迁安市', '0315');
INSERT INTO `areas` VALUES ('130302', '海港区', '0335');
INSERT INTO `areas` VALUES ('130303', '山海关区', '0335');
INSERT INTO `areas` VALUES ('130304', '北戴河区', '0335');
INSERT INTO `areas` VALUES ('130321', '青龙满族自治县', '0335');
INSERT INTO `areas` VALUES ('130322', '昌黎县', '0335');
INSERT INTO `areas` VALUES ('130323', '抚宁县', '0335');
INSERT INTO `areas` VALUES ('130324', '卢龙县', '0335');
INSERT INTO `areas` VALUES ('130402', '邯山区', '0310');
INSERT INTO `areas` VALUES ('130403', '丛台区', '0310');
INSERT INTO `areas` VALUES ('130404', '复兴区', '0310');
INSERT INTO `areas` VALUES ('130406', '峰峰矿区', '0310');
INSERT INTO `areas` VALUES ('130421', '邯郸县', '0310');
INSERT INTO `areas` VALUES ('130423', '临漳县', '0310');
INSERT INTO `areas` VALUES ('130424', '成安县', '0310');
INSERT INTO `areas` VALUES ('130425', '大名县', '0310');
INSERT INTO `areas` VALUES ('130426', '涉县', '0310');
INSERT INTO `areas` VALUES ('130427', '磁县', '0310');
INSERT INTO `areas` VALUES ('130428', '肥乡县', '0310');
INSERT INTO `areas` VALUES ('130429', '永年县', '0310');
INSERT INTO `areas` VALUES ('130430', '邱县', '0310');
INSERT INTO `areas` VALUES ('130431', '鸡泽县', '0310');
INSERT INTO `areas` VALUES ('130432', '广平县', '0310');
INSERT INTO `areas` VALUES ('130433', '馆陶县', '0310');
INSERT INTO `areas` VALUES ('130434', '魏县', '0310');
INSERT INTO `areas` VALUES ('130435', '曲周县', '0310');
INSERT INTO `areas` VALUES ('130481', '武安市', '0310');
INSERT INTO `areas` VALUES ('130502', '桥东区', '0319');
INSERT INTO `areas` VALUES ('130503', '桥西区', '0319');
INSERT INTO `areas` VALUES ('130521', '邢台县', '0319');
INSERT INTO `areas` VALUES ('130522', '临城县', '0319');
INSERT INTO `areas` VALUES ('130523', '内丘县', '0319');
INSERT INTO `areas` VALUES ('130524', '柏乡县', '0319');
INSERT INTO `areas` VALUES ('130525', '隆尧县', '0319');
INSERT INTO `areas` VALUES ('130526', '任县', '0319');
INSERT INTO `areas` VALUES ('130527', '南和县', '0319');
INSERT INTO `areas` VALUES ('130528', '宁晋县', '0319');
INSERT INTO `areas` VALUES ('130529', '巨鹿县', '0319');
INSERT INTO `areas` VALUES ('130530', '新河县', '0319');
INSERT INTO `areas` VALUES ('130531', '广宗县', '0319');
INSERT INTO `areas` VALUES ('130532', '平乡县', '0319');
INSERT INTO `areas` VALUES ('130533', '威县', '0319');
INSERT INTO `areas` VALUES ('130534', '清河县', '0319');
INSERT INTO `areas` VALUES ('130535', '临西县', '0319');
INSERT INTO `areas` VALUES ('130581', '南宫市', '0319');
INSERT INTO `areas` VALUES ('130582', '沙河市', '0319');
INSERT INTO `areas` VALUES ('130602', '新市区', '0312');
INSERT INTO `areas` VALUES ('130603', '北市区', '0312');
INSERT INTO `areas` VALUES ('130604', '南市区', '0312');
INSERT INTO `areas` VALUES ('130621', '满城县', '0312');
INSERT INTO `areas` VALUES ('130622', '清苑县', '0312');
INSERT INTO `areas` VALUES ('130623', '涞水县', '0312');
INSERT INTO `areas` VALUES ('130624', '阜平县', '0312');
INSERT INTO `areas` VALUES ('130625', '徐水县', '0312');
INSERT INTO `areas` VALUES ('130626', '定兴县', '0312');
INSERT INTO `areas` VALUES ('130627', '唐县', '0312');
INSERT INTO `areas` VALUES ('130628', '高阳县', '0312');
INSERT INTO `areas` VALUES ('130629', '容城县', '0312');
INSERT INTO `areas` VALUES ('130630', '涞源县', '0312');
INSERT INTO `areas` VALUES ('130631', '望都县', '0312');
INSERT INTO `areas` VALUES ('130632', '安新县', '0312');
INSERT INTO `areas` VALUES ('130633', '易县', '0312');
INSERT INTO `areas` VALUES ('130634', '曲阳县', '0312');
INSERT INTO `areas` VALUES ('130635', '蠡县', '0312');
INSERT INTO `areas` VALUES ('130636', '顺平县', '0312');
INSERT INTO `areas` VALUES ('130637', '博野县', '0312');
INSERT INTO `areas` VALUES ('130638', '雄县', '0312');
INSERT INTO `areas` VALUES ('130681', '涿州市', '0312');
INSERT INTO `areas` VALUES ('130682', '定州市', '0312');
INSERT INTO `areas` VALUES ('130683', '安国市', '0312');
INSERT INTO `areas` VALUES ('130684', '高碑店市', '0312');
INSERT INTO `areas` VALUES ('130702', '桥东区', '0313');
INSERT INTO `areas` VALUES ('130703', '桥西区', '0313');
INSERT INTO `areas` VALUES ('130705', '宣化区', '0313');
INSERT INTO `areas` VALUES ('130706', '下花园区', '0313');
INSERT INTO `areas` VALUES ('130721', '宣化县', '0313');
INSERT INTO `areas` VALUES ('130722', '张北县', '0313');
INSERT INTO `areas` VALUES ('130723', '康保县', '0313');
INSERT INTO `areas` VALUES ('130724', '沽源县', '0313');
INSERT INTO `areas` VALUES ('130725', '尚义县', '0313');
INSERT INTO `areas` VALUES ('130726', '蔚县', '0313');
INSERT INTO `areas` VALUES ('130727', '阳原县', '0313');
INSERT INTO `areas` VALUES ('130728', '怀安县', '0313');
INSERT INTO `areas` VALUES ('130729', '万全县', '0313');
INSERT INTO `areas` VALUES ('130730', '怀来县', '0313');
INSERT INTO `areas` VALUES ('130731', '涿鹿县', '0313');
INSERT INTO `areas` VALUES ('130732', '赤城县', '0313');
INSERT INTO `areas` VALUES ('130733', '崇礼县', '0313');
INSERT INTO `areas` VALUES ('130802', '双桥区', '0314');
INSERT INTO `areas` VALUES ('130803', '双滦区', '0314');
INSERT INTO `areas` VALUES ('130804', '鹰手营子矿区', '0314');
INSERT INTO `areas` VALUES ('130821', '承德县', '0314');
INSERT INTO `areas` VALUES ('130822', '兴隆县', '0314');
INSERT INTO `areas` VALUES ('130823', '平泉县', '0314');
INSERT INTO `areas` VALUES ('130824', '滦平县', '0314');
INSERT INTO `areas` VALUES ('130825', '隆化县', '0314');
INSERT INTO `areas` VALUES ('130826', '丰宁满族自治县', '0314');
INSERT INTO `areas` VALUES ('130827', '宽城满族自治县', '0314');
INSERT INTO `areas` VALUES ('130828', '围场满族蒙古族自治县', '0314');
INSERT INTO `areas` VALUES ('130902', '新华区', '0317');
INSERT INTO `areas` VALUES ('130903', '运河区', '0317');
INSERT INTO `areas` VALUES ('130921', '沧县', '0317');
INSERT INTO `areas` VALUES ('130922', '青县', '0317');
INSERT INTO `areas` VALUES ('130923', '东光县', '0317');
INSERT INTO `areas` VALUES ('130924', '海兴县', '0317');
INSERT INTO `areas` VALUES ('130925', '盐山县', '0317');
INSERT INTO `areas` VALUES ('130926', '肃宁县', '0317');
INSERT INTO `areas` VALUES ('130927', '南皮县', '0317');
INSERT INTO `areas` VALUES ('130928', '吴桥县', '0317');
INSERT INTO `areas` VALUES ('130929', '献县', '0317');
INSERT INTO `areas` VALUES ('130930', '孟村回族自治县', '0317');
INSERT INTO `areas` VALUES ('130981', '泊头市', '0317');
INSERT INTO `areas` VALUES ('130982', '任丘市', '0317');
INSERT INTO `areas` VALUES ('130983', '黄骅市', '0317');
INSERT INTO `areas` VALUES ('130984', '河间市', '0317');
INSERT INTO `areas` VALUES ('131002', '安次区', '0316');
INSERT INTO `areas` VALUES ('131003', '广阳区', '0316');
INSERT INTO `areas` VALUES ('131022', '固安县', '0316');
INSERT INTO `areas` VALUES ('131023', '永清县', '0316');
INSERT INTO `areas` VALUES ('131024', '香河县', '0316');
INSERT INTO `areas` VALUES ('131025', '大城县', '0316');
INSERT INTO `areas` VALUES ('131026', '文安县', '0316');
INSERT INTO `areas` VALUES ('131028', '大厂回族自治县', '0316');
INSERT INTO `areas` VALUES ('131081', '霸州市', '0316');
INSERT INTO `areas` VALUES ('131082', '三河市', '0316');
INSERT INTO `areas` VALUES ('131102', '桃城区', '0318');
INSERT INTO `areas` VALUES ('131121', '枣强县', '0318');
INSERT INTO `areas` VALUES ('131122', '武邑县', '0318');
INSERT INTO `areas` VALUES ('131123', '武强县', '0318');
INSERT INTO `areas` VALUES ('131124', '饶阳县', '0318');
INSERT INTO `areas` VALUES ('131125', '安平县', '0318');
INSERT INTO `areas` VALUES ('131126', '故城县', '0318');
INSERT INTO `areas` VALUES ('131127', '景县', '0318');
INSERT INTO `areas` VALUES ('131128', '阜城县', '0318');
INSERT INTO `areas` VALUES ('131181', '冀州市', '0318');
INSERT INTO `areas` VALUES ('131182', '深州市', '0318');
INSERT INTO `areas` VALUES ('140105', '小店区', '0351');
INSERT INTO `areas` VALUES ('140106', '迎泽区', '0351');
INSERT INTO `areas` VALUES ('140107', '杏花岭区', '0351');
INSERT INTO `areas` VALUES ('140108', '尖草坪区', '0351');
INSERT INTO `areas` VALUES ('140109', '万柏林区', '0351');
INSERT INTO `areas` VALUES ('140110', '晋源区', '0351');
INSERT INTO `areas` VALUES ('140121', '清徐县', '0351');
INSERT INTO `areas` VALUES ('140122', '阳曲县', '0351');
INSERT INTO `areas` VALUES ('140123', '娄烦县', '0351');
INSERT INTO `areas` VALUES ('140181', '古交市', '0351');
INSERT INTO `areas` VALUES ('140202', '城区', '0352');
INSERT INTO `areas` VALUES ('140203', '矿区', '0352');
INSERT INTO `areas` VALUES ('140211', '南郊区', '0352');
INSERT INTO `areas` VALUES ('140212', '新荣区', '0352');
INSERT INTO `areas` VALUES ('140221', '阳高县', '0352');
INSERT INTO `areas` VALUES ('140222', '天镇县', '0352');
INSERT INTO `areas` VALUES ('140223', '广灵县', '0352');
INSERT INTO `areas` VALUES ('140224', '灵丘县', '0352');
INSERT INTO `areas` VALUES ('140225', '浑源县', '0352');
INSERT INTO `areas` VALUES ('140226', '左云县', '0352');
INSERT INTO `areas` VALUES ('140227', '大同县', '0352');
INSERT INTO `areas` VALUES ('140302', '城区', '0353');
INSERT INTO `areas` VALUES ('140303', '矿区', '0353');
INSERT INTO `areas` VALUES ('140311', '郊区', '0353');
INSERT INTO `areas` VALUES ('140321', '平定县', '0353');
INSERT INTO `areas` VALUES ('140322', '盂县', '0353');
INSERT INTO `areas` VALUES ('140402', '城区', '0355');
INSERT INTO `areas` VALUES ('140411', '郊区', '0355');
INSERT INTO `areas` VALUES ('140421', '长治县', '0355');
INSERT INTO `areas` VALUES ('140423', '襄垣县', '0355');
INSERT INTO `areas` VALUES ('140424', '屯留县', '0355');
INSERT INTO `areas` VALUES ('140425', '平顺县', '0355');
INSERT INTO `areas` VALUES ('140426', '黎城县', '0355');
INSERT INTO `areas` VALUES ('140427', '壶关县', '0355');
INSERT INTO `areas` VALUES ('140428', '长子县', '0355');
INSERT INTO `areas` VALUES ('140429', '武乡县', '0355');
INSERT INTO `areas` VALUES ('140430', '沁县', '0355');
INSERT INTO `areas` VALUES ('140431', '沁源县', '0355');
INSERT INTO `areas` VALUES ('140481', '潞城市', '0355');
INSERT INTO `areas` VALUES ('140502', '城区', '0356');
INSERT INTO `areas` VALUES ('140521', '沁水县', '0356');
INSERT INTO `areas` VALUES ('140522', '阳城县', '0356');
INSERT INTO `areas` VALUES ('140524', '陵川县', '0356');
INSERT INTO `areas` VALUES ('140525', '泽州县', '0356');
INSERT INTO `areas` VALUES ('140581', '高平市', '0356');
INSERT INTO `areas` VALUES ('140602', '朔城区', '0349');
INSERT INTO `areas` VALUES ('140603', '平鲁区', '0349');
INSERT INTO `areas` VALUES ('140621', '山阴县', '0349');
INSERT INTO `areas` VALUES ('140622', '应县', '0349');
INSERT INTO `areas` VALUES ('140623', '右玉县', '0349');
INSERT INTO `areas` VALUES ('140624', '怀仁县', '0349');
INSERT INTO `areas` VALUES ('140702', '榆次区', '0354');
INSERT INTO `areas` VALUES ('140721', '榆社县', '0354');
INSERT INTO `areas` VALUES ('140722', '左权县', '0354');
INSERT INTO `areas` VALUES ('140723', '和顺县', '0354');
INSERT INTO `areas` VALUES ('140724', '昔阳县', '0354');
INSERT INTO `areas` VALUES ('140725', '寿阳县', '0354');
INSERT INTO `areas` VALUES ('140726', '太谷县', '0354');
INSERT INTO `areas` VALUES ('140727', '祁县', '0354');
INSERT INTO `areas` VALUES ('140728', '平遥县', '0354');
INSERT INTO `areas` VALUES ('140729', '灵石县', '0354');
INSERT INTO `areas` VALUES ('140781', '介休市', '0354');
INSERT INTO `areas` VALUES ('140802', '盐湖区', '0359');
INSERT INTO `areas` VALUES ('140821', '临猗县', '0359');
INSERT INTO `areas` VALUES ('140822', '万荣县', '0359');
INSERT INTO `areas` VALUES ('140823', '闻喜县', '0359');
INSERT INTO `areas` VALUES ('140824', '稷山县', '0359');
INSERT INTO `areas` VALUES ('140825', '新绛县', '0359');
INSERT INTO `areas` VALUES ('140826', '绛县', '0359');
INSERT INTO `areas` VALUES ('140827', '垣曲县', '0359');
INSERT INTO `areas` VALUES ('140828', '夏县', '0359');
INSERT INTO `areas` VALUES ('140829', '平陆县', '0359');
INSERT INTO `areas` VALUES ('140830', '芮城县', '0359');
INSERT INTO `areas` VALUES ('140881', '永济市', '0359');
INSERT INTO `areas` VALUES ('140882', '河津市', '0359');
INSERT INTO `areas` VALUES ('140902', '忻府区', '0350');
INSERT INTO `areas` VALUES ('140921', '定襄县', '0350');
INSERT INTO `areas` VALUES ('140922', '五台县', '0350');
INSERT INTO `areas` VALUES ('140923', '代县', '0350');
INSERT INTO `areas` VALUES ('140924', '繁峙县', '0350');
INSERT INTO `areas` VALUES ('140925', '宁武县', '0350');
INSERT INTO `areas` VALUES ('140926', '静乐县', '0350');
INSERT INTO `areas` VALUES ('140927', '神池县', '0350');
INSERT INTO `areas` VALUES ('140928', '五寨县', '0350');
INSERT INTO `areas` VALUES ('140929', '岢岚县', '0350');
INSERT INTO `areas` VALUES ('140930', '河曲县', '0350');
INSERT INTO `areas` VALUES ('140931', '保德县', '0350');
INSERT INTO `areas` VALUES ('140932', '偏关县', '0350');
INSERT INTO `areas` VALUES ('140981', '原平市', '0350');
INSERT INTO `areas` VALUES ('141002', '尧都区', '0357');
INSERT INTO `areas` VALUES ('141021', '曲沃县', '0357');
INSERT INTO `areas` VALUES ('141022', '翼城县', '0357');
INSERT INTO `areas` VALUES ('141023', '襄汾县', '0357');
INSERT INTO `areas` VALUES ('141024', '洪洞县', '0357');
INSERT INTO `areas` VALUES ('141025', '古县', '0357');
INSERT INTO `areas` VALUES ('141026', '安泽县', '0357');
INSERT INTO `areas` VALUES ('141027', '浮山县', '0357');
INSERT INTO `areas` VALUES ('141028', '吉县', '0357');
INSERT INTO `areas` VALUES ('141029', '乡宁县', '0357');
INSERT INTO `areas` VALUES ('141030', '大宁县', '0357');
INSERT INTO `areas` VALUES ('141031', '隰县', '0357');
INSERT INTO `areas` VALUES ('141032', '永和县', '0357');
INSERT INTO `areas` VALUES ('141033', '蒲县', '0357');
INSERT INTO `areas` VALUES ('141034', '汾西县', '0357');
INSERT INTO `areas` VALUES ('141081', '侯马市', '0357');
INSERT INTO `areas` VALUES ('141082', '霍州市', '0357');
INSERT INTO `areas` VALUES ('141102', '离石区', '0358');
INSERT INTO `areas` VALUES ('141121', '文水县', '0358');
INSERT INTO `areas` VALUES ('141122', '交城县', '0358');
INSERT INTO `areas` VALUES ('141123', '兴县', '0358');
INSERT INTO `areas` VALUES ('141124', '临县', '0358');
INSERT INTO `areas` VALUES ('141125', '柳林县', '0358');
INSERT INTO `areas` VALUES ('141126', '石楼县', '0358');
INSERT INTO `areas` VALUES ('141127', '岚县', '0358');
INSERT INTO `areas` VALUES ('141128', '方山县', '0358');
INSERT INTO `areas` VALUES ('141129', '中阳县', '0358');
INSERT INTO `areas` VALUES ('141130', '交口县', '0358');
INSERT INTO `areas` VALUES ('141181', '孝义市', '0358');
INSERT INTO `areas` VALUES ('141182', '汾阳市', '0358');
INSERT INTO `areas` VALUES ('150102', '新城区', '0471');
INSERT INTO `areas` VALUES ('150103', '回民区', '0471');
INSERT INTO `areas` VALUES ('150104', '玉泉区', '0471');
INSERT INTO `areas` VALUES ('150105', '赛罕区', '0471');
INSERT INTO `areas` VALUES ('150121', '土默特左旗', '0471');
INSERT INTO `areas` VALUES ('150122', '托克托县', '0471');
INSERT INTO `areas` VALUES ('150123', '和林格尔县', '0471');
INSERT INTO `areas` VALUES ('150124', '清水河县', '0471');
INSERT INTO `areas` VALUES ('150125', '武川县', '0471');
INSERT INTO `areas` VALUES ('150202', '东河区', '0472');
INSERT INTO `areas` VALUES ('150203', '昆都仑区', '0472');
INSERT INTO `areas` VALUES ('150204', '青山区', '0472');
INSERT INTO `areas` VALUES ('150205', '石拐区', '0472');
INSERT INTO `areas` VALUES ('150206', '白云鄂博矿区', '0472');
INSERT INTO `areas` VALUES ('150207', '九原区', '0472');
INSERT INTO `areas` VALUES ('150221', '土默特右旗', '0472');
INSERT INTO `areas` VALUES ('150222', '固阳县', '0472');
INSERT INTO `areas` VALUES ('150223', '达尔罕茂明安联合旗', '0472');
INSERT INTO `areas` VALUES ('150302', '海勃湾区', '0473');
INSERT INTO `areas` VALUES ('150303', '海南区', '0473');
INSERT INTO `areas` VALUES ('150304', '乌达区', '0473');
INSERT INTO `areas` VALUES ('150402', '红山区', '0476');
INSERT INTO `areas` VALUES ('150403', '元宝山区', '0476');
INSERT INTO `areas` VALUES ('150404', '松山区', '0476');
INSERT INTO `areas` VALUES ('150421', '阿鲁科尔沁旗', '0476');
INSERT INTO `areas` VALUES ('150422', '巴林左旗', '0476');
INSERT INTO `areas` VALUES ('150423', '巴林右旗', '0476');
INSERT INTO `areas` VALUES ('150424', '林西县', '0476');
INSERT INTO `areas` VALUES ('150425', '克什克腾旗', '0476');
INSERT INTO `areas` VALUES ('150426', '翁牛特旗', '0476');
INSERT INTO `areas` VALUES ('150428', '喀喇沁旗', '0476');
INSERT INTO `areas` VALUES ('150429', '宁城县', '0476');
INSERT INTO `areas` VALUES ('150430', '敖汉旗', '0476');
INSERT INTO `areas` VALUES ('150502', '科尔沁区', '0475');
INSERT INTO `areas` VALUES ('150521', '科尔沁左翼中旗', '0475');
INSERT INTO `areas` VALUES ('150522', '科尔沁左翼后旗', '0475');
INSERT INTO `areas` VALUES ('150523', '开鲁县', '0475');
INSERT INTO `areas` VALUES ('150524', '库伦旗', '0475');
INSERT INTO `areas` VALUES ('150525', '奈曼旗', '0475');
INSERT INTO `areas` VALUES ('150526', '扎鲁特旗', '0475');
INSERT INTO `areas` VALUES ('150581', '霍林郭勒市', '0475');
INSERT INTO `areas` VALUES ('150602', '东胜区', '0477');
INSERT INTO `areas` VALUES ('150621', '达拉特旗', '0477');
INSERT INTO `areas` VALUES ('150622', '准格尔旗', '0477');
INSERT INTO `areas` VALUES ('150623', '鄂托克前旗', '0477');
INSERT INTO `areas` VALUES ('150624', '鄂托克旗', '0477');
INSERT INTO `areas` VALUES ('150625', '杭锦旗', '0477');
INSERT INTO `areas` VALUES ('150626', '乌审旗', '0477');
INSERT INTO `areas` VALUES ('150627', '伊金霍洛旗', '0477');
INSERT INTO `areas` VALUES ('150702', '海拉尔区', '0470');
INSERT INTO `areas` VALUES ('150703', '扎赉诺尔区', '0470');
INSERT INTO `areas` VALUES ('150721', '阿荣旗', '0470');
INSERT INTO `areas` VALUES ('150722', '莫力达瓦达斡尔族自治旗', '0470');
INSERT INTO `areas` VALUES ('150723', '鄂伦春自治旗', '0470');
INSERT INTO `areas` VALUES ('150724', '鄂温克族自治旗', '0470');
INSERT INTO `areas` VALUES ('150725', '陈巴尔虎旗', '0470');
INSERT INTO `areas` VALUES ('150726', '新巴尔虎左旗', '0470');
INSERT INTO `areas` VALUES ('150727', '新巴尔虎右旗', '0470');
INSERT INTO `areas` VALUES ('150781', '满洲里市', '0470');
INSERT INTO `areas` VALUES ('150782', '牙克石市', '0470');
INSERT INTO `areas` VALUES ('150783', '扎兰屯市', '0470');
INSERT INTO `areas` VALUES ('150784', '额尔古纳市', '0470');
INSERT INTO `areas` VALUES ('150785', '根河市', '0470');
INSERT INTO `areas` VALUES ('150802', '临河区', '0478');
INSERT INTO `areas` VALUES ('150821', '五原县', '0478');
INSERT INTO `areas` VALUES ('150822', '磴口县', '0478');
INSERT INTO `areas` VALUES ('150823', '乌拉特前旗', '0478');
INSERT INTO `areas` VALUES ('150824', '乌拉特中旗', '0478');
INSERT INTO `areas` VALUES ('150825', '乌拉特后旗', '0478');
INSERT INTO `areas` VALUES ('150826', '杭锦后旗', '0478');
INSERT INTO `areas` VALUES ('150902', '集宁区', '0474');
INSERT INTO `areas` VALUES ('150921', '卓资县', '0474');
INSERT INTO `areas` VALUES ('150922', '化德县', '0474');
INSERT INTO `areas` VALUES ('150923', '商都县', '0474');
INSERT INTO `areas` VALUES ('150924', '兴和县', '0474');
INSERT INTO `areas` VALUES ('150925', '凉城县', '0474');
INSERT INTO `areas` VALUES ('150926', '察哈尔右翼前旗', '0474');
INSERT INTO `areas` VALUES ('150927', '察哈尔右翼中旗', '0474');
INSERT INTO `areas` VALUES ('150928', '察哈尔右翼后旗', '0474');
INSERT INTO `areas` VALUES ('150929', '四子王旗', '0474');
INSERT INTO `areas` VALUES ('150981', '丰镇市', '0474');
INSERT INTO `areas` VALUES ('152201', '乌兰浩特市', '0482');
INSERT INTO `areas` VALUES ('152202', '阿尔山市', '0482');
INSERT INTO `areas` VALUES ('152221', '科尔沁右翼前旗', '0482');
INSERT INTO `areas` VALUES ('152222', '科尔沁右翼中旗', '0482');
INSERT INTO `areas` VALUES ('152223', '扎赉特旗', '0482');
INSERT INTO `areas` VALUES ('152224', '突泉县', '0482');
INSERT INTO `areas` VALUES ('152501', '二连浩特市', '0479');
INSERT INTO `areas` VALUES ('152502', '锡林浩特市', '0479');
INSERT INTO `areas` VALUES ('152522', '阿巴嘎旗', '0479');
INSERT INTO `areas` VALUES ('152523', '苏尼特左旗', '0479');
INSERT INTO `areas` VALUES ('152524', '苏尼特右旗', '0479');
INSERT INTO `areas` VALUES ('152525', '东乌珠穆沁旗', '0479');
INSERT INTO `areas` VALUES ('152526', '西乌珠穆沁旗', '0479');
INSERT INTO `areas` VALUES ('152527', '太仆寺旗', '0479');
INSERT INTO `areas` VALUES ('152528', '镶黄旗', '0479');
INSERT INTO `areas` VALUES ('152529', '正镶白旗', '0479');
INSERT INTO `areas` VALUES ('152530', '正蓝旗', '0479');
INSERT INTO `areas` VALUES ('152531', '多伦县', '0479');
INSERT INTO `areas` VALUES ('152921', '阿拉善左旗', '0483');
INSERT INTO `areas` VALUES ('152922', '阿拉善右旗', '0483');
INSERT INTO `areas` VALUES ('152923', '额济纳旗', '0483');
INSERT INTO `areas` VALUES ('210102', '和平区', '024');
INSERT INTO `areas` VALUES ('210103', '沈河区', '024');
INSERT INTO `areas` VALUES ('210104', '大东区', '024');
INSERT INTO `areas` VALUES ('210105', '皇姑区', '024');
INSERT INTO `areas` VALUES ('210106', '铁西区', '024');
INSERT INTO `areas` VALUES ('210111', '苏家屯区', '024');
INSERT INTO `areas` VALUES ('210112', '浑南区', '024');
INSERT INTO `areas` VALUES ('210113', '沈北新区', '024');
INSERT INTO `areas` VALUES ('210114', '于洪区', '024');
INSERT INTO `areas` VALUES ('210122', '辽中县', '024');
INSERT INTO `areas` VALUES ('210123', '康平县', '024');
INSERT INTO `areas` VALUES ('210124', '法库县', '024');
INSERT INTO `areas` VALUES ('210181', '新民市', '024');
INSERT INTO `areas` VALUES ('210202', '中山区', '0411');
INSERT INTO `areas` VALUES ('210203', '西岗区', '0411');
INSERT INTO `areas` VALUES ('210204', '沙河口区', '0411');
INSERT INTO `areas` VALUES ('210211', '甘井子区', '0411');
INSERT INTO `areas` VALUES ('210212', '旅顺口区', '0411');
INSERT INTO `areas` VALUES ('210213', '金州区', '0411');
INSERT INTO `areas` VALUES ('210224', '长海县', '0411');
INSERT INTO `areas` VALUES ('210281', '瓦房店市', '0411');
INSERT INTO `areas` VALUES ('210282', '普兰店市', '0411');
INSERT INTO `areas` VALUES ('210283', '庄河市', '0411');
INSERT INTO `areas` VALUES ('210302', '铁东区', '0412');
INSERT INTO `areas` VALUES ('210303', '铁西区', '0412');
INSERT INTO `areas` VALUES ('210304', '立山区', '0412');
INSERT INTO `areas` VALUES ('210311', '千山区', '0412');
INSERT INTO `areas` VALUES ('210321', '台安县', '0412');
INSERT INTO `areas` VALUES ('210323', '岫岩满族自治县', '0412');
INSERT INTO `areas` VALUES ('210381', '海城市', '0412');
INSERT INTO `areas` VALUES ('210402', '新抚区', '0413');
INSERT INTO `areas` VALUES ('210403', '东洲区', '0413');
INSERT INTO `areas` VALUES ('210404', '望花区', '0413');
INSERT INTO `areas` VALUES ('210411', '顺城区', '0413');
INSERT INTO `areas` VALUES ('210421', '抚顺县', '0413');
INSERT INTO `areas` VALUES ('210422', '新宾满族自治县', '0413');
INSERT INTO `areas` VALUES ('210423', '清原满族自治县', '0413');
INSERT INTO `areas` VALUES ('210502', '平山区', '0414');
INSERT INTO `areas` VALUES ('210503', '溪湖区', '0414');
INSERT INTO `areas` VALUES ('210504', '明山区', '0414');
INSERT INTO `areas` VALUES ('210505', '南芬区', '0414');
INSERT INTO `areas` VALUES ('210521', '本溪满族自治县', '0414');
INSERT INTO `areas` VALUES ('210522', '桓仁满族自治县', '0414');
INSERT INTO `areas` VALUES ('210602', '元宝区', '0415');
INSERT INTO `areas` VALUES ('210603', '振兴区', '0415');
INSERT INTO `areas` VALUES ('210604', '振安区', '0415');
INSERT INTO `areas` VALUES ('210624', '宽甸满族自治县', '0415');
INSERT INTO `areas` VALUES ('210681', '东港市', '0415');
INSERT INTO `areas` VALUES ('210682', '凤城市', '0415');
INSERT INTO `areas` VALUES ('210702', '古塔区', '0416');
INSERT INTO `areas` VALUES ('210703', '凌河区', '0416');
INSERT INTO `areas` VALUES ('210711', '太和区', '0416');
INSERT INTO `areas` VALUES ('210726', '黑山县', '0416');
INSERT INTO `areas` VALUES ('210727', '义县', '0416');
INSERT INTO `areas` VALUES ('210781', '凌海市', '0416');
INSERT INTO `areas` VALUES ('210782', '北镇市', '0416');
INSERT INTO `areas` VALUES ('210802', '站前区', '0417');
INSERT INTO `areas` VALUES ('210803', '西市区', '0417');
INSERT INTO `areas` VALUES ('210804', '鲅鱼圈区', '0417');
INSERT INTO `areas` VALUES ('210811', '老边区', '0417');
INSERT INTO `areas` VALUES ('210881', '盖州市', '0417');
INSERT INTO `areas` VALUES ('210882', '大石桥市', '0417');
INSERT INTO `areas` VALUES ('210902', '海州区', '0418');
INSERT INTO `areas` VALUES ('210903', '新邱区', '0418');
INSERT INTO `areas` VALUES ('210904', '太平区', '0418');
INSERT INTO `areas` VALUES ('210905', '清河门区', '0418');
INSERT INTO `areas` VALUES ('210911', '细河区', '0418');
INSERT INTO `areas` VALUES ('210921', '阜新蒙古族自治县', '0418');
INSERT INTO `areas` VALUES ('210922', '彰武县', '0418');
INSERT INTO `areas` VALUES ('211002', '白塔区', '0419');
INSERT INTO `areas` VALUES ('211003', '文圣区', '0419');
INSERT INTO `areas` VALUES ('211004', '宏伟区', '0419');
INSERT INTO `areas` VALUES ('211005', '弓长岭区', '0419');
INSERT INTO `areas` VALUES ('211011', '太子河区', '0419');
INSERT INTO `areas` VALUES ('211021', '辽阳县', '0419');
INSERT INTO `areas` VALUES ('211081', '灯塔市', '0419');
INSERT INTO `areas` VALUES ('211102', '双台子区', '0427');
INSERT INTO `areas` VALUES ('211103', '兴隆台区', '0427');
INSERT INTO `areas` VALUES ('211121', '大洼县', '0427');
INSERT INTO `areas` VALUES ('211122', '盘山县', '0427');
INSERT INTO `areas` VALUES ('211202', '银州区', '0420');
INSERT INTO `areas` VALUES ('211204', '清河区', '0420');
INSERT INTO `areas` VALUES ('211221', '铁岭县', '0420');
INSERT INTO `areas` VALUES ('211223', '西丰县', '0420');
INSERT INTO `areas` VALUES ('211224', '昌图县', '0420');
INSERT INTO `areas` VALUES ('211281', '调兵山市', '0420');
INSERT INTO `areas` VALUES ('211282', '开原市', '0420');
INSERT INTO `areas` VALUES ('211302', '双塔区', '0421');
INSERT INTO `areas` VALUES ('211303', '龙城区', '0421');
INSERT INTO `areas` VALUES ('211321', '朝阳县', '0421');
INSERT INTO `areas` VALUES ('211322', '建平县', '0421');
INSERT INTO `areas` VALUES ('211324', '喀喇沁左翼蒙古族自治县', '0421');
INSERT INTO `areas` VALUES ('211381', '北票市', '0421');
INSERT INTO `areas` VALUES ('211382', '凌源市', '0421');
INSERT INTO `areas` VALUES ('211402', '连山区', '0429');
INSERT INTO `areas` VALUES ('211403', '龙港区', '0429');
INSERT INTO `areas` VALUES ('211404', '南票区', '0429');
INSERT INTO `areas` VALUES ('211421', '绥中县', '0429');
INSERT INTO `areas` VALUES ('211422', '建昌县', '0429');
INSERT INTO `areas` VALUES ('211481', '兴城市', '0429');
INSERT INTO `areas` VALUES ('211501', '金州新区', '0411');
INSERT INTO `areas` VALUES ('211502', '普湾新区', '0411');
INSERT INTO `areas` VALUES ('211503', '保税区', '0411');
INSERT INTO `areas` VALUES ('220102', '南关区', '0431');
INSERT INTO `areas` VALUES ('220103', '宽城区', '0431');
INSERT INTO `areas` VALUES ('220104', '朝阳区', '0431');
INSERT INTO `areas` VALUES ('220105', '二道区', '0431');
INSERT INTO `areas` VALUES ('220106', '绿园区', '0431');
INSERT INTO `areas` VALUES ('220112', '双阳区', '0431');
INSERT INTO `areas` VALUES ('220113', '九台区', '0431');
INSERT INTO `areas` VALUES ('220122', '农安县', '0431');
INSERT INTO `areas` VALUES ('220182', '榆树市', '0431');
INSERT INTO `areas` VALUES ('220183', '德惠市', '0431');
INSERT INTO `areas` VALUES ('220202', '昌邑区', '0432');
INSERT INTO `areas` VALUES ('220203', '龙潭区', '0432');
INSERT INTO `areas` VALUES ('220204', '船营区', '0432');
INSERT INTO `areas` VALUES ('220211', '丰满区', '0432');
INSERT INTO `areas` VALUES ('220221', '永吉县', '0432');
INSERT INTO `areas` VALUES ('220281', '蛟河市', '0432');
INSERT INTO `areas` VALUES ('220282', '桦甸市', '0432');
INSERT INTO `areas` VALUES ('220283', '舒兰市', '0432');
INSERT INTO `areas` VALUES ('220284', '磐石市', '0432');
INSERT INTO `areas` VALUES ('220302', '铁西区', '0434');
INSERT INTO `areas` VALUES ('220303', '铁东区', '0434');
INSERT INTO `areas` VALUES ('220322', '梨树县', '0434');
INSERT INTO `areas` VALUES ('220323', '伊通满族自治县', '0434');
INSERT INTO `areas` VALUES ('220381', '公主岭市', '0434');
INSERT INTO `areas` VALUES ('220382', '双辽市', '0434');
INSERT INTO `areas` VALUES ('220402', '龙山区', '0437');
INSERT INTO `areas` VALUES ('220403', '西安区', '0437');
INSERT INTO `areas` VALUES ('220421', '东丰县', '0437');
INSERT INTO `areas` VALUES ('220422', '东辽县', '0437');
INSERT INTO `areas` VALUES ('220502', '东昌区', '0435');
INSERT INTO `areas` VALUES ('220503', '二道江区', '0435');
INSERT INTO `areas` VALUES ('220521', '通化县', '0435');
INSERT INTO `areas` VALUES ('220523', '辉南县', '0435');
INSERT INTO `areas` VALUES ('220524', '柳河县', '0435');
INSERT INTO `areas` VALUES ('220581', '梅河口市', '0435');
INSERT INTO `areas` VALUES ('220582', '集安市', '0435');
INSERT INTO `areas` VALUES ('220602', '浑江区', '0439');
INSERT INTO `areas` VALUES ('220605', '江源区', '0439');
INSERT INTO `areas` VALUES ('220621', '抚松县', '0439');
INSERT INTO `areas` VALUES ('220622', '靖宇县', '0439');
INSERT INTO `areas` VALUES ('220623', '长白朝鲜族自治县', '0439');
INSERT INTO `areas` VALUES ('220681', '临江市', '0439');
INSERT INTO `areas` VALUES ('220702', '宁江区', '0438');
INSERT INTO `areas` VALUES ('220721', '前郭尔罗斯蒙古族自治县', '0438');
INSERT INTO `areas` VALUES ('220722', '长岭县', '0438');
INSERT INTO `areas` VALUES ('220723', '乾安县', '0438');
INSERT INTO `areas` VALUES ('220781', '扶余市', '0438');
INSERT INTO `areas` VALUES ('220802', '洮北区', '0436');
INSERT INTO `areas` VALUES ('220821', '镇赉县', '0436');
INSERT INTO `areas` VALUES ('220822', '通榆县', '0436');
INSERT INTO `areas` VALUES ('220881', '洮南市', '0436');
INSERT INTO `areas` VALUES ('220882', '大安市', '0436');
INSERT INTO `areas` VALUES ('222401', '延吉市', '0433');
INSERT INTO `areas` VALUES ('222402', '图们市', '0433');
INSERT INTO `areas` VALUES ('222403', '敦化市', '0433');
INSERT INTO `areas` VALUES ('222404', '珲春市', '0433');
INSERT INTO `areas` VALUES ('222405', '龙井市', '0433');
INSERT INTO `areas` VALUES ('222406', '和龙市', '0433');
INSERT INTO `areas` VALUES ('222424', '汪清县', '0433');
INSERT INTO `areas` VALUES ('222426', '安图县', '0433');
INSERT INTO `areas` VALUES ('230102', '道里区', '0451');
INSERT INTO `areas` VALUES ('230103', '南岗区', '0451');
INSERT INTO `areas` VALUES ('230104', '道外区', '0451');
INSERT INTO `areas` VALUES ('230108', '平房区', '0451');
INSERT INTO `areas` VALUES ('230109', '松北区', '0451');
INSERT INTO `areas` VALUES ('230110', '香坊区', '0451');
INSERT INTO `areas` VALUES ('230111', '呼兰区', '0451');
INSERT INTO `areas` VALUES ('230112', '阿城区', '0451');
INSERT INTO `areas` VALUES ('230113', '双城区', '0451');
INSERT INTO `areas` VALUES ('230123', '依兰县', '0451');
INSERT INTO `areas` VALUES ('230124', '方正县', '0451');
INSERT INTO `areas` VALUES ('230125', '宾县', '0451');
INSERT INTO `areas` VALUES ('230126', '巴彦县', '0451');
INSERT INTO `areas` VALUES ('230127', '木兰县', '0451');
INSERT INTO `areas` VALUES ('230128', '通河县', '0451');
INSERT INTO `areas` VALUES ('230129', '延寿县', '0451');
INSERT INTO `areas` VALUES ('230183', '尚志市', '0451');
INSERT INTO `areas` VALUES ('230184', '五常市', '0451');
INSERT INTO `areas` VALUES ('230202', '龙沙区', '0452');
INSERT INTO `areas` VALUES ('230203', '建华区', '0452');
INSERT INTO `areas` VALUES ('230204', '铁锋区', '0452');
INSERT INTO `areas` VALUES ('230205', '昂昂溪区', '0452');
INSERT INTO `areas` VALUES ('230206', '富拉尔基区', '0452');
INSERT INTO `areas` VALUES ('230207', '碾子山区', '0452');
INSERT INTO `areas` VALUES ('230208', '梅里斯达斡尔族区', '0452');
INSERT INTO `areas` VALUES ('230221', '龙江县', '0452');
INSERT INTO `areas` VALUES ('230223', '依安县', '0452');
INSERT INTO `areas` VALUES ('230224', '泰来县', '0452');
INSERT INTO `areas` VALUES ('230225', '甘南县', '0452');
INSERT INTO `areas` VALUES ('230227', '富裕县', '0452');
INSERT INTO `areas` VALUES ('230229', '克山县', '0452');
INSERT INTO `areas` VALUES ('230230', '克东县', '0452');
INSERT INTO `areas` VALUES ('230231', '拜泉县', '0452');
INSERT INTO `areas` VALUES ('230281', '讷河市', '0452');
INSERT INTO `areas` VALUES ('230302', '鸡冠区', '0467');
INSERT INTO `areas` VALUES ('230303', '恒山区', '0467');
INSERT INTO `areas` VALUES ('230304', '滴道区', '0467');
INSERT INTO `areas` VALUES ('230305', '梨树区', '0467');
INSERT INTO `areas` VALUES ('230306', '城子河区', '0467');
INSERT INTO `areas` VALUES ('230307', '麻山区', '0467');
INSERT INTO `areas` VALUES ('230321', '鸡东县', '0467');
INSERT INTO `areas` VALUES ('230381', '虎林市', '0467');
INSERT INTO `areas` VALUES ('230382', '密山市', '0467');
INSERT INTO `areas` VALUES ('230402', '向阳区', '0468');
INSERT INTO `areas` VALUES ('230403', '工农区', '0468');
INSERT INTO `areas` VALUES ('230404', '南山区', '0468');
INSERT INTO `areas` VALUES ('230405', '兴安区', '0468');
INSERT INTO `areas` VALUES ('230406', '东山区', '0468');
INSERT INTO `areas` VALUES ('230407', '兴山区', '0468');
INSERT INTO `areas` VALUES ('230421', '萝北县', '0468');
INSERT INTO `areas` VALUES ('230422', '绥滨县', '0468');
INSERT INTO `areas` VALUES ('230502', '尖山区', '0469');
INSERT INTO `areas` VALUES ('230503', '岭东区', '0469');
INSERT INTO `areas` VALUES ('230505', '四方台区', '0469');
INSERT INTO `areas` VALUES ('230506', '宝山区', '0469');
INSERT INTO `areas` VALUES ('230521', '集贤县', '0469');
INSERT INTO `areas` VALUES ('230522', '友谊县', '0469');
INSERT INTO `areas` VALUES ('230523', '宝清县', '0469');
INSERT INTO `areas` VALUES ('230524', '饶河县', '0469');
INSERT INTO `areas` VALUES ('230602', '萨尔图区', '0459');
INSERT INTO `areas` VALUES ('230603', '龙凤区', '0459');
INSERT INTO `areas` VALUES ('230604', '让胡路区', '0459');
INSERT INTO `areas` VALUES ('230605', '红岗区', '0459');
INSERT INTO `areas` VALUES ('230606', '大同区', '0459');
INSERT INTO `areas` VALUES ('230621', '肇州县', '0459');
INSERT INTO `areas` VALUES ('230622', '肇源县', '0459');
INSERT INTO `areas` VALUES ('230623', '林甸县', '0459');
INSERT INTO `areas` VALUES ('230624', '杜尔伯特蒙古族自治县', '0459');
INSERT INTO `areas` VALUES ('230702', '伊春区', '0458');
INSERT INTO `areas` VALUES ('230703', '南岔区', '0458');
INSERT INTO `areas` VALUES ('230704', '友好区', '0458');
INSERT INTO `areas` VALUES ('230705', '西林区', '0458');
INSERT INTO `areas` VALUES ('230706', '翠峦区', '0458');
INSERT INTO `areas` VALUES ('230707', '新青区', '0458');
INSERT INTO `areas` VALUES ('230708', '美溪区', '0458');
INSERT INTO `areas` VALUES ('230709', '金山屯区', '0458');
INSERT INTO `areas` VALUES ('230710', '五营区', '0458');
INSERT INTO `areas` VALUES ('230711', '乌马河区', '0458');
INSERT INTO `areas` VALUES ('230712', '汤旺河区', '0458');
INSERT INTO `areas` VALUES ('230713', '带岭区', '0458');
INSERT INTO `areas` VALUES ('230714', '乌伊岭区', '0458');
INSERT INTO `areas` VALUES ('230715', '红星区', '0458');
INSERT INTO `areas` VALUES ('230716', '上甘岭区', '0458');
INSERT INTO `areas` VALUES ('230722', '嘉荫县', '0458');
INSERT INTO `areas` VALUES ('230781', '铁力市', '0458');
INSERT INTO `areas` VALUES ('230803', '向阳区', '0454');
INSERT INTO `areas` VALUES ('230804', '前进区', '0454');
INSERT INTO `areas` VALUES ('230805', '东风区', '0454');
INSERT INTO `areas` VALUES ('230811', '郊区', '0454');
INSERT INTO `areas` VALUES ('230822', '桦南县', '0454');
INSERT INTO `areas` VALUES ('230826', '桦川县', '0454');
INSERT INTO `areas` VALUES ('230828', '汤原县', '0454');
INSERT INTO `areas` VALUES ('230833', '抚远县', '0454');
INSERT INTO `areas` VALUES ('230881', '同江市', '0454');
INSERT INTO `areas` VALUES ('230882', '富锦市', '0454');
INSERT INTO `areas` VALUES ('230902', '新兴区', '0464');
INSERT INTO `areas` VALUES ('230903', '桃山区', '0464');
INSERT INTO `areas` VALUES ('230904', '茄子河区', '0464');
INSERT INTO `areas` VALUES ('230921', '勃利县', '0464');
INSERT INTO `areas` VALUES ('231002', '东安区', '0453');
INSERT INTO `areas` VALUES ('231003', '阳明区', '0453');
INSERT INTO `areas` VALUES ('231004', '爱民区', '0453');
INSERT INTO `areas` VALUES ('231005', '西安区', '0453');
INSERT INTO `areas` VALUES ('231024', '东宁县', '0453');
INSERT INTO `areas` VALUES ('231025', '林口县', '0453');
INSERT INTO `areas` VALUES ('231081', '绥芬河市', '0453');
INSERT INTO `areas` VALUES ('231083', '海林市', '0453');
INSERT INTO `areas` VALUES ('231084', '宁安市', '0453');
INSERT INTO `areas` VALUES ('231085', '穆棱市', '0453');
INSERT INTO `areas` VALUES ('231102', '爱辉区', '0456');
INSERT INTO `areas` VALUES ('231121', '嫩江县', '0456');
INSERT INTO `areas` VALUES ('231123', '逊克县', '0456');
INSERT INTO `areas` VALUES ('231124', '孙吴县', '0456');
INSERT INTO `areas` VALUES ('231181', '北安市', '0456');
INSERT INTO `areas` VALUES ('231182', '五大连池市', '0456');
INSERT INTO `areas` VALUES ('231202', '北林区', '0455');
INSERT INTO `areas` VALUES ('231221', '望奎县', '0455');
INSERT INTO `areas` VALUES ('231222', '兰西县', '0455');
INSERT INTO `areas` VALUES ('231223', '青冈县', '0455');
INSERT INTO `areas` VALUES ('231224', '庆安县', '0455');
INSERT INTO `areas` VALUES ('231225', '明水县', '0455');
INSERT INTO `areas` VALUES ('231226', '绥棱县', '0455');
INSERT INTO `areas` VALUES ('231281', '安达市', '0455');
INSERT INTO `areas` VALUES ('231282', '肇东市', '0455');
INSERT INTO `areas` VALUES ('231283', '海伦市', '0455');
INSERT INTO `areas` VALUES ('232701', '加格达奇区', '0457');
INSERT INTO `areas` VALUES ('232702', '新林区', '0457');
INSERT INTO `areas` VALUES ('232703', '松岭区', '0457');
INSERT INTO `areas` VALUES ('232704', '呼中区', '0457');
INSERT INTO `areas` VALUES ('232721', '呼玛县', '0457');
INSERT INTO `areas` VALUES ('232722', '塔河县', '0457');
INSERT INTO `areas` VALUES ('232723', '漠河县', '0457');
INSERT INTO `areas` VALUES ('310101', '黄浦区', '021');
INSERT INTO `areas` VALUES ('310104', '徐汇区', '021');
INSERT INTO `areas` VALUES ('310105', '长宁区', '021');
INSERT INTO `areas` VALUES ('310106', '静安区', '021');
INSERT INTO `areas` VALUES ('310107', '普陀区', '021');
INSERT INTO `areas` VALUES ('310108', '闸北区', '021');
INSERT INTO `areas` VALUES ('310109', '虹口区', '021');
INSERT INTO `areas` VALUES ('310110', '杨浦区', '021');
INSERT INTO `areas` VALUES ('310112', '闵行区', '021');
INSERT INTO `areas` VALUES ('310113', '宝山区', '021');
INSERT INTO `areas` VALUES ('310114', '嘉定区', '021');
INSERT INTO `areas` VALUES ('310115', '浦东新区', '021');
INSERT INTO `areas` VALUES ('310116', '金山区', '021');
INSERT INTO `areas` VALUES ('310117', '松江区', '021');
INSERT INTO `areas` VALUES ('310118', '青浦区', '021');
INSERT INTO `areas` VALUES ('310120', '奉贤区', '021');
INSERT INTO `areas` VALUES ('310230', '崇明县', '021');
INSERT INTO `areas` VALUES ('320102', '玄武区', '025');
INSERT INTO `areas` VALUES ('320104', '秦淮区', '025');
INSERT INTO `areas` VALUES ('320105', '建邺区', '025');
INSERT INTO `areas` VALUES ('320106', '鼓楼区', '025');
INSERT INTO `areas` VALUES ('320111', '浦口区', '025');
INSERT INTO `areas` VALUES ('320113', '栖霞区', '025');
INSERT INTO `areas` VALUES ('320114', '雨花台区', '025');
INSERT INTO `areas` VALUES ('320115', '江宁区', '025');
INSERT INTO `areas` VALUES ('320116', '六合区', '025');
INSERT INTO `areas` VALUES ('320117', '溧水区', '025');
INSERT INTO `areas` VALUES ('320118', '高淳区', '025');
INSERT INTO `areas` VALUES ('320202', '崇安区', '0510');
INSERT INTO `areas` VALUES ('320203', '南长区', '0510');
INSERT INTO `areas` VALUES ('320204', '北塘区', '0510');
INSERT INTO `areas` VALUES ('320205', '锡山区', '0510');
INSERT INTO `areas` VALUES ('320206', '惠山区', '0510');
INSERT INTO `areas` VALUES ('320211', '滨湖区', '0510');
INSERT INTO `areas` VALUES ('320281', '江阴市', '0510');
INSERT INTO `areas` VALUES ('320282', '宜兴市', '0510');
INSERT INTO `areas` VALUES ('320302', '鼓楼区', '0516');
INSERT INTO `areas` VALUES ('320303', '云龙区', '0516');
INSERT INTO `areas` VALUES ('320305', '贾汪区', '0516');
INSERT INTO `areas` VALUES ('320311', '泉山区', '0516');
INSERT INTO `areas` VALUES ('320312', '铜山区', '0516');
INSERT INTO `areas` VALUES ('320321', '丰县', '0516');
INSERT INTO `areas` VALUES ('320322', '沛县', '0516');
INSERT INTO `areas` VALUES ('320324', '睢宁县', '0516');
INSERT INTO `areas` VALUES ('320381', '新沂市', '0516');
INSERT INTO `areas` VALUES ('320382', '邳州市', '0516');
INSERT INTO `areas` VALUES ('320402', '天宁区', '0519');
INSERT INTO `areas` VALUES ('320404', '钟楼区', '0519');
INSERT INTO `areas` VALUES ('320405', '戚墅堰区', '0519');
INSERT INTO `areas` VALUES ('320411', '新北区', '0519');
INSERT INTO `areas` VALUES ('320412', '武进区', '0519');
INSERT INTO `areas` VALUES ('320481', '溧阳市', '0519');
INSERT INTO `areas` VALUES ('320482', '金坛市', '0519');
INSERT INTO `areas` VALUES ('320505', '虎丘区', '0512');
INSERT INTO `areas` VALUES ('320506', '吴中区', '0512');
INSERT INTO `areas` VALUES ('320507', '相城区', '0512');
INSERT INTO `areas` VALUES ('320508', '姑苏区', '0512');
INSERT INTO `areas` VALUES ('320509', '吴江区', '0512');
INSERT INTO `areas` VALUES ('320581', '常熟市', '0512');
INSERT INTO `areas` VALUES ('320582', '张家港市', '0512');
INSERT INTO `areas` VALUES ('320583', '昆山市', '0512');
INSERT INTO `areas` VALUES ('320585', '太仓市', '0512');
INSERT INTO `areas` VALUES ('320602', '崇川区', '0513');
INSERT INTO `areas` VALUES ('320611', '港闸区', '0513');
INSERT INTO `areas` VALUES ('320612', '通州区', '0513');
INSERT INTO `areas` VALUES ('320621', '海安县', '0513');
INSERT INTO `areas` VALUES ('320623', '如东县', '0513');
INSERT INTO `areas` VALUES ('320681', '启东市', '0513');
INSERT INTO `areas` VALUES ('320682', '如皋市', '0513');
INSERT INTO `areas` VALUES ('320684', '海门市', '0513');
INSERT INTO `areas` VALUES ('320703', '连云区', '0518');
INSERT INTO `areas` VALUES ('320706', '海州区', '0518');
INSERT INTO `areas` VALUES ('320707', '赣榆区', '0518');
INSERT INTO `areas` VALUES ('320722', '东海县', '0518');
INSERT INTO `areas` VALUES ('320723', '灌云县', '0518');
INSERT INTO `areas` VALUES ('320724', '灌南县', '0518');
INSERT INTO `areas` VALUES ('320802', '清河区', '0517');
INSERT INTO `areas` VALUES ('320803', '淮安区', '0517');
INSERT INTO `areas` VALUES ('320804', '淮阴区', '0517');
INSERT INTO `areas` VALUES ('320811', '清浦区', '0517');
INSERT INTO `areas` VALUES ('320826', '涟水县', '0517');
INSERT INTO `areas` VALUES ('320829', '洪泽县', '0517');
INSERT INTO `areas` VALUES ('320830', '盱眙县', '0517');
INSERT INTO `areas` VALUES ('320831', '金湖县', '0517');
INSERT INTO `areas` VALUES ('320902', '亭湖区', '0515');
INSERT INTO `areas` VALUES ('320903', '盐都区', '0515');
INSERT INTO `areas` VALUES ('320921', '响水县', '0515');
INSERT INTO `areas` VALUES ('320922', '滨海县', '0515');
INSERT INTO `areas` VALUES ('320923', '阜宁县', '0515');
INSERT INTO `areas` VALUES ('320924', '射阳县', '0515');
INSERT INTO `areas` VALUES ('320925', '建湖县', '0515');
INSERT INTO `areas` VALUES ('320981', '东台市', '0515');
INSERT INTO `areas` VALUES ('320982', '大丰市', '0515');
INSERT INTO `areas` VALUES ('321002', '广陵区', '0514');
INSERT INTO `areas` VALUES ('321003', '邗江区', '0514');
INSERT INTO `areas` VALUES ('321012', '江都区', '0514');
INSERT INTO `areas` VALUES ('321023', '宝应县', '0514');
INSERT INTO `areas` VALUES ('321081', '仪征市', '0514');
INSERT INTO `areas` VALUES ('321084', '高邮市', '0514');
INSERT INTO `areas` VALUES ('321102', '京口区', '0511');
INSERT INTO `areas` VALUES ('321111', '润州区', '0511');
INSERT INTO `areas` VALUES ('321112', '丹徒区', '0511');
INSERT INTO `areas` VALUES ('321181', '丹阳市', '0511');
INSERT INTO `areas` VALUES ('321182', '扬中市', '0511');
INSERT INTO `areas` VALUES ('321183', '句容市', '0511');
INSERT INTO `areas` VALUES ('321202', '海陵区', '0523');
INSERT INTO `areas` VALUES ('321203', '高港区', '0523');
INSERT INTO `areas` VALUES ('321204', '姜堰区', '0523');
INSERT INTO `areas` VALUES ('321281', '兴化市', '0523');
INSERT INTO `areas` VALUES ('321282', '靖江市', '0523');
INSERT INTO `areas` VALUES ('321283', '泰兴市', '0523');
INSERT INTO `areas` VALUES ('321302', '宿城区', '0527');
INSERT INTO `areas` VALUES ('321311', '宿豫区', '0527');
INSERT INTO `areas` VALUES ('321322', '沭阳县', '0527');
INSERT INTO `areas` VALUES ('321323', '泗阳县', '0527');
INSERT INTO `areas` VALUES ('321324', '泗洪县', '0527');
INSERT INTO `areas` VALUES ('330102', '上城区', '0571');
INSERT INTO `areas` VALUES ('330103', '下城区', '0571');
INSERT INTO `areas` VALUES ('330104', '江干区', '0571');
INSERT INTO `areas` VALUES ('330105', '拱墅区', '0571');
INSERT INTO `areas` VALUES ('330106', '西湖区', '0571');
INSERT INTO `areas` VALUES ('330108', '滨江区', '0571');
INSERT INTO `areas` VALUES ('330109', '萧山区', '0571');
INSERT INTO `areas` VALUES ('330110', '余杭区', '0571');
INSERT INTO `areas` VALUES ('330122', '桐庐县', '0571');
INSERT INTO `areas` VALUES ('330127', '淳安县', '0571');
INSERT INTO `areas` VALUES ('330182', '建德市', '0571');
INSERT INTO `areas` VALUES ('330183', '富阳区', '0571');
INSERT INTO `areas` VALUES ('330185', '临安市', '0571');
INSERT INTO `areas` VALUES ('330203', '海曙区', '0574');
INSERT INTO `areas` VALUES ('330204', '江东区', '0574');
INSERT INTO `areas` VALUES ('330205', '江北区', '0574');
INSERT INTO `areas` VALUES ('330206', '北仑区', '0574');
INSERT INTO `areas` VALUES ('330211', '镇海区', '0574');
INSERT INTO `areas` VALUES ('330212', '鄞州区', '0574');
INSERT INTO `areas` VALUES ('330225', '象山县', '0574');
INSERT INTO `areas` VALUES ('330226', '宁海县', '0574');
INSERT INTO `areas` VALUES ('330281', '余姚市', '0574');
INSERT INTO `areas` VALUES ('330282', '慈溪市', '0574');
INSERT INTO `areas` VALUES ('330283', '奉化市', '0574');
INSERT INTO `areas` VALUES ('330302', '鹿城区', '0577');
INSERT INTO `areas` VALUES ('330303', '龙湾区', '0577');
INSERT INTO `areas` VALUES ('330304', '瓯海区', '0577');
INSERT INTO `areas` VALUES ('330322', '洞头县', '0577');
INSERT INTO `areas` VALUES ('330324', '永嘉县', '0577');
INSERT INTO `areas` VALUES ('330326', '平阳县', '0577');
INSERT INTO `areas` VALUES ('330327', '苍南县', '0577');
INSERT INTO `areas` VALUES ('330328', '文成县', '0577');
INSERT INTO `areas` VALUES ('330329', '泰顺县', '0577');
INSERT INTO `areas` VALUES ('330381', '瑞安市', '0577');
INSERT INTO `areas` VALUES ('330382', '乐清市', '0577');
INSERT INTO `areas` VALUES ('330402', '南湖区', '0573');
INSERT INTO `areas` VALUES ('330411', '秀洲区', '0573');
INSERT INTO `areas` VALUES ('330421', '嘉善县', '0573');
INSERT INTO `areas` VALUES ('330424', '海盐县', '0573');
INSERT INTO `areas` VALUES ('330481', '海宁市', '0573');
INSERT INTO `areas` VALUES ('330482', '平湖市', '0573');
INSERT INTO `areas` VALUES ('330483', '桐乡市', '0573');
INSERT INTO `areas` VALUES ('330502', '吴兴区', '0572');
INSERT INTO `areas` VALUES ('330503', '南浔区', '0572');
INSERT INTO `areas` VALUES ('330521', '德清县', '0572');
INSERT INTO `areas` VALUES ('330522', '长兴县', '0572');
INSERT INTO `areas` VALUES ('330523', '安吉县', '0572');
INSERT INTO `areas` VALUES ('330602', '越城区', '0575');
INSERT INTO `areas` VALUES ('330603', '柯桥区', '0575');
INSERT INTO `areas` VALUES ('330604', '上虞区', '0575');
INSERT INTO `areas` VALUES ('330624', '新昌县', '0575');
INSERT INTO `areas` VALUES ('330681', '诸暨市', '0575');
INSERT INTO `areas` VALUES ('330683', '嵊州市', '0575');
INSERT INTO `areas` VALUES ('330702', '婺城区', '0579');
INSERT INTO `areas` VALUES ('330703', '金东区', '0579');
INSERT INTO `areas` VALUES ('330723', '武义县', '0579');
INSERT INTO `areas` VALUES ('330726', '浦江县', '0579');
INSERT INTO `areas` VALUES ('330727', '磐安县', '0579');
INSERT INTO `areas` VALUES ('330781', '兰溪市', '0579');
INSERT INTO `areas` VALUES ('330782', '义乌市', '0579');
INSERT INTO `areas` VALUES ('330783', '东阳市', '0579');
INSERT INTO `areas` VALUES ('330784', '永康市', '0579');
INSERT INTO `areas` VALUES ('330802', '柯城区', '0570');
INSERT INTO `areas` VALUES ('330803', '衢江区', '0570');
INSERT INTO `areas` VALUES ('330822', '常山县', '0570');
INSERT INTO `areas` VALUES ('330824', '开化县', '0570');
INSERT INTO `areas` VALUES ('330825', '龙游县', '0570');
INSERT INTO `areas` VALUES ('330881', '江山市', '0570');
INSERT INTO `areas` VALUES ('330902', '定海区', '0580');
INSERT INTO `areas` VALUES ('330903', '普陀区', '0580');
INSERT INTO `areas` VALUES ('330921', '岱山县', '0580');
INSERT INTO `areas` VALUES ('330922', '嵊泗县', '0580');
INSERT INTO `areas` VALUES ('331002', '椒江区', '0576');
INSERT INTO `areas` VALUES ('331003', '黄岩区', '0576');
INSERT INTO `areas` VALUES ('331004', '路桥区', '0576');
INSERT INTO `areas` VALUES ('331021', '玉环县', '0576');
INSERT INTO `areas` VALUES ('331022', '三门县', '0576');
INSERT INTO `areas` VALUES ('331023', '天台县', '0576');
INSERT INTO `areas` VALUES ('331024', '仙居县', '0576');
INSERT INTO `areas` VALUES ('331081', '温岭市', '0576');
INSERT INTO `areas` VALUES ('331082', '临海市', '0576');
INSERT INTO `areas` VALUES ('331102', '莲都区', '0578');
INSERT INTO `areas` VALUES ('331121', '青田县', '0578');
INSERT INTO `areas` VALUES ('331122', '缙云县', '0578');
INSERT INTO `areas` VALUES ('331123', '遂昌县', '0578');
INSERT INTO `areas` VALUES ('331124', '松阳县', '0578');
INSERT INTO `areas` VALUES ('331125', '云和县', '0578');
INSERT INTO `areas` VALUES ('331126', '庆元县', '0578');
INSERT INTO `areas` VALUES ('331127', '景宁畲族自治县', '0578');
INSERT INTO `areas` VALUES ('331181', '龙泉市', '0578');
INSERT INTO `areas` VALUES ('340102', '瑶海区', '0551');
INSERT INTO `areas` VALUES ('340103', '庐阳区', '0551');
INSERT INTO `areas` VALUES ('340104', '蜀山区', '0551');
INSERT INTO `areas` VALUES ('340111', '包河区', '0551');
INSERT INTO `areas` VALUES ('340121', '长丰县', '0551');
INSERT INTO `areas` VALUES ('340122', '肥东县', '0551');
INSERT INTO `areas` VALUES ('340123', '肥西县', '0551');
INSERT INTO `areas` VALUES ('340124', '庐江县', '0551');
INSERT INTO `areas` VALUES ('340181', '巢湖市', '0551');
INSERT INTO `areas` VALUES ('340202', '镜湖区', '0553');
INSERT INTO `areas` VALUES ('340203', '弋江区', '0553');
INSERT INTO `areas` VALUES ('340207', '鸠江区', '0553');
INSERT INTO `areas` VALUES ('340208', '三山区', '0553');
INSERT INTO `areas` VALUES ('340221', '芜湖县', '0553');
INSERT INTO `areas` VALUES ('340222', '繁昌县', '0553');
INSERT INTO `areas` VALUES ('340223', '南陵县', '0553');
INSERT INTO `areas` VALUES ('340225', '无为县', '0553');
INSERT INTO `areas` VALUES ('340302', '龙子湖区', '0552');
INSERT INTO `areas` VALUES ('340303', '蚌山区', '0552');
INSERT INTO `areas` VALUES ('340304', '禹会区', '0552');
INSERT INTO `areas` VALUES ('340311', '淮上区', '0552');
INSERT INTO `areas` VALUES ('340321', '怀远县', '0552');
INSERT INTO `areas` VALUES ('340322', '五河县', '0552');
INSERT INTO `areas` VALUES ('340323', '固镇县', '0552');
INSERT INTO `areas` VALUES ('340402', '大通区', '0554');
INSERT INTO `areas` VALUES ('340403', '田家庵区', '0554');
INSERT INTO `areas` VALUES ('340404', '谢家集区', '0554');
INSERT INTO `areas` VALUES ('340405', '八公山区', '0554');
INSERT INTO `areas` VALUES ('340406', '潘集区', '0554');
INSERT INTO `areas` VALUES ('340421', '凤台县', '0554');
INSERT INTO `areas` VALUES ('340503', '花山区', '0555');
INSERT INTO `areas` VALUES ('340504', '雨山区', '0555');
INSERT INTO `areas` VALUES ('340506', '博望区', '0555');
INSERT INTO `areas` VALUES ('340521', '当涂县', '0555');
INSERT INTO `areas` VALUES ('340522', '含山县', '0555');
INSERT INTO `areas` VALUES ('340523', '和县', '0555');
INSERT INTO `areas` VALUES ('340602', '杜集区', '0561');
INSERT INTO `areas` VALUES ('340603', '相山区', '0561');
INSERT INTO `areas` VALUES ('340604', '烈山区', '0561');
INSERT INTO `areas` VALUES ('340621', '濉溪县', '0561');
INSERT INTO `areas` VALUES ('340702', '铜官山区', '0562');
INSERT INTO `areas` VALUES ('340703', '狮子山区', '0562');
INSERT INTO `areas` VALUES ('340711', '郊区', '0562');
INSERT INTO `areas` VALUES ('340721', '铜陵县', '0562');
INSERT INTO `areas` VALUES ('340802', '迎江区', '0556');
INSERT INTO `areas` VALUES ('340803', '大观区', '0556');
INSERT INTO `areas` VALUES ('340811', '宜秀区', '0556');
INSERT INTO `areas` VALUES ('340822', '怀宁县', '0556');
INSERT INTO `areas` VALUES ('340823', '枞阳县', '0556');
INSERT INTO `areas` VALUES ('340824', '潜山县', '0556');
INSERT INTO `areas` VALUES ('340825', '太湖县', '0556');
INSERT INTO `areas` VALUES ('340826', '宿松县', '0556');
INSERT INTO `areas` VALUES ('340827', '望江县', '0556');
INSERT INTO `areas` VALUES ('340828', '岳西县', '0556');
INSERT INTO `areas` VALUES ('340881', '桐城市', '0556');
INSERT INTO `areas` VALUES ('341002', '屯溪区', '0559');
INSERT INTO `areas` VALUES ('341003', '黄山区', '0559');
INSERT INTO `areas` VALUES ('341004', '徽州区', '0559');
INSERT INTO `areas` VALUES ('341021', '歙县', '0559');
INSERT INTO `areas` VALUES ('341022', '休宁县', '0559');
INSERT INTO `areas` VALUES ('341023', '黟县', '0559');
INSERT INTO `areas` VALUES ('341024', '祁门县', '0559');
INSERT INTO `areas` VALUES ('341102', '琅琊区', '0550');
INSERT INTO `areas` VALUES ('341103', '南谯区', '0550');
INSERT INTO `areas` VALUES ('341122', '来安县', '0550');
INSERT INTO `areas` VALUES ('341124', '全椒县', '0550');
INSERT INTO `areas` VALUES ('341125', '定远县', '0550');
INSERT INTO `areas` VALUES ('341126', '凤阳县', '0550');
INSERT INTO `areas` VALUES ('341181', '天长市', '0550');
INSERT INTO `areas` VALUES ('341182', '明光市', '0550');
INSERT INTO `areas` VALUES ('341202', '颍州区', '0558');
INSERT INTO `areas` VALUES ('341203', '颍东区', '0558');
INSERT INTO `areas` VALUES ('341204', '颍泉区', '0558');
INSERT INTO `areas` VALUES ('341221', '临泉县', '0558');
INSERT INTO `areas` VALUES ('341222', '太和县', '0558');
INSERT INTO `areas` VALUES ('341225', '阜南县', '0558');
INSERT INTO `areas` VALUES ('341226', '颍上县', '0558');
INSERT INTO `areas` VALUES ('341282', '界首市', '0558');
INSERT INTO `areas` VALUES ('341302', '埇桥区', '0557');
INSERT INTO `areas` VALUES ('341321', '砀山县', '0557');
INSERT INTO `areas` VALUES ('341322', '萧县', '0557');
INSERT INTO `areas` VALUES ('341323', '灵璧县', '0557');
INSERT INTO `areas` VALUES ('341324', '泗县', '0557');
INSERT INTO `areas` VALUES ('341502', '金安区', '0564');
INSERT INTO `areas` VALUES ('341503', '裕安区', '0564');
INSERT INTO `areas` VALUES ('341521', '寿县', '0564');
INSERT INTO `areas` VALUES ('341522', '霍邱县', '0564');
INSERT INTO `areas` VALUES ('341523', '舒城县', '0564');
INSERT INTO `areas` VALUES ('341524', '金寨县', '0564');
INSERT INTO `areas` VALUES ('341525', '霍山县', '0564');
INSERT INTO `areas` VALUES ('341602', '谯城区', '0565');
INSERT INTO `areas` VALUES ('341621', '涡阳县', '0565');
INSERT INTO `areas` VALUES ('341622', '蒙城县', '0565');
INSERT INTO `areas` VALUES ('341623', '利辛县', '0565');
INSERT INTO `areas` VALUES ('341702', '贵池区', '0566');
INSERT INTO `areas` VALUES ('341721', '东至县', '0566');
INSERT INTO `areas` VALUES ('341722', '石台县', '0566');
INSERT INTO `areas` VALUES ('341723', '青阳县', '0566');
INSERT INTO `areas` VALUES ('341802', '宣州区', '0563');
INSERT INTO `areas` VALUES ('341821', '郎溪县', '0563');
INSERT INTO `areas` VALUES ('341822', '广德县', '0563');
INSERT INTO `areas` VALUES ('341823', '泾县', '0563');
INSERT INTO `areas` VALUES ('341824', '绩溪县', '0563');
INSERT INTO `areas` VALUES ('341825', '旌德县', '0563');
INSERT INTO `areas` VALUES ('341881', '宁国市', '0563');
INSERT INTO `areas` VALUES ('350102', '鼓楼区', '0591');
INSERT INTO `areas` VALUES ('350103', '台江区', '0591');
INSERT INTO `areas` VALUES ('350104', '仓山区', '0591');
INSERT INTO `areas` VALUES ('350105', '马尾区', '0591');
INSERT INTO `areas` VALUES ('350111', '晋安区', '0591');
INSERT INTO `areas` VALUES ('350121', '闽侯县', '0591');
INSERT INTO `areas` VALUES ('350122', '连江县', '0591');
INSERT INTO `areas` VALUES ('350123', '罗源县', '0591');
INSERT INTO `areas` VALUES ('350124', '闽清县', '0591');
INSERT INTO `areas` VALUES ('350125', '永泰县', '0591');
INSERT INTO `areas` VALUES ('350128', '平潭县', '0591');
INSERT INTO `areas` VALUES ('350181', '福清市', '0591');
INSERT INTO `areas` VALUES ('350182', '长乐市', '0591');
INSERT INTO `areas` VALUES ('350203', '思明区', '0592');
INSERT INTO `areas` VALUES ('350205', '海沧区', '0592');
INSERT INTO `areas` VALUES ('350206', '湖里区', '0592');
INSERT INTO `areas` VALUES ('350211', '集美区', '0592');
INSERT INTO `areas` VALUES ('350212', '同安区', '0592');
INSERT INTO `areas` VALUES ('350213', '翔安区', '0592');
INSERT INTO `areas` VALUES ('350302', '城厢区', '0594');
INSERT INTO `areas` VALUES ('350303', '涵江区', '0594');
INSERT INTO `areas` VALUES ('350304', '荔城区', '0594');
INSERT INTO `areas` VALUES ('350305', '秀屿区', '0594');
INSERT INTO `areas` VALUES ('350322', '仙游县', '0594');
INSERT INTO `areas` VALUES ('350402', '梅列区', '0598');
INSERT INTO `areas` VALUES ('350403', '三元区', '0598');
INSERT INTO `areas` VALUES ('350421', '明溪县', '0598');
INSERT INTO `areas` VALUES ('350423', '清流县', '0598');
INSERT INTO `areas` VALUES ('350424', '宁化县', '0598');
INSERT INTO `areas` VALUES ('350425', '大田县', '0598');
INSERT INTO `areas` VALUES ('350426', '尤溪县', '0598');
INSERT INTO `areas` VALUES ('350427', '沙县', '0598');
INSERT INTO `areas` VALUES ('350428', '将乐县', '0598');
INSERT INTO `areas` VALUES ('350429', '泰宁县', '0598');
INSERT INTO `areas` VALUES ('350430', '建宁县', '0598');
INSERT INTO `areas` VALUES ('350481', '永安市', '0598');
INSERT INTO `areas` VALUES ('350502', '鲤城区', '0595');
INSERT INTO `areas` VALUES ('350503', '丰泽区', '0595');
INSERT INTO `areas` VALUES ('350504', '洛江区', '0595');
INSERT INTO `areas` VALUES ('350505', '泉港区', '0595');
INSERT INTO `areas` VALUES ('350521', '惠安县', '0595');
INSERT INTO `areas` VALUES ('350524', '安溪县', '0595');
INSERT INTO `areas` VALUES ('350525', '永春县', '0595');
INSERT INTO `areas` VALUES ('350526', '德化县', '0595');
INSERT INTO `areas` VALUES ('350527', '金门县', '0595');
INSERT INTO `areas` VALUES ('350581', '石狮市', '0595');
INSERT INTO `areas` VALUES ('350582', '晋江市', '0595');
INSERT INTO `areas` VALUES ('350583', '南安市', '0595');
INSERT INTO `areas` VALUES ('350602', '芗城区', '0596');
INSERT INTO `areas` VALUES ('350603', '龙文区', '0596');
INSERT INTO `areas` VALUES ('350622', '云霄县', '0596');
INSERT INTO `areas` VALUES ('350623', '漳浦县', '0596');
INSERT INTO `areas` VALUES ('350624', '诏安县', '0596');
INSERT INTO `areas` VALUES ('350625', '长泰县', '0596');
INSERT INTO `areas` VALUES ('350626', '东山县', '0596');
INSERT INTO `areas` VALUES ('350627', '南靖县', '0596');
INSERT INTO `areas` VALUES ('350628', '平和县', '0596');
INSERT INTO `areas` VALUES ('350629', '华安县', '0596');
INSERT INTO `areas` VALUES ('350681', '龙海市', '0596');
INSERT INTO `areas` VALUES ('350702', '延平区', '0600');
INSERT INTO `areas` VALUES ('350703', '建阳区', '0600');
INSERT INTO `areas` VALUES ('350721', '顺昌县', '0600');
INSERT INTO `areas` VALUES ('350722', '浦城县', '0600');
INSERT INTO `areas` VALUES ('350723', '光泽县', '0600');
INSERT INTO `areas` VALUES ('350724', '松溪县', '0600');
INSERT INTO `areas` VALUES ('350725', '政和县', '0600');
INSERT INTO `areas` VALUES ('350781', '邵武市', '0600');
INSERT INTO `areas` VALUES ('350782', '武夷山市', '0600');
INSERT INTO `areas` VALUES ('350783', '建瓯市', '0600');
INSERT INTO `areas` VALUES ('350802', '新罗区', '0597');
INSERT INTO `areas` VALUES ('350821', '长汀县', '0597');
INSERT INTO `areas` VALUES ('350822', '永定区', '0597');
INSERT INTO `areas` VALUES ('350823', '上杭县', '0597');
INSERT INTO `areas` VALUES ('350824', '武平县', '0597');
INSERT INTO `areas` VALUES ('350825', '连城县', '0597');
INSERT INTO `areas` VALUES ('350881', '漳平市', '0597');
INSERT INTO `areas` VALUES ('350902', '蕉城区', '0593');
INSERT INTO `areas` VALUES ('350921', '霞浦县', '0593');
INSERT INTO `areas` VALUES ('350922', '古田县', '0593');
INSERT INTO `areas` VALUES ('350923', '屏南县', '0593');
INSERT INTO `areas` VALUES ('350924', '寿宁县', '0593');
INSERT INTO `areas` VALUES ('350925', '周宁县', '0593');
INSERT INTO `areas` VALUES ('350926', '柘荣县', '0593');
INSERT INTO `areas` VALUES ('350981', '福安市', '0593');
INSERT INTO `areas` VALUES ('350982', '福鼎市', '0593');
INSERT INTO `areas` VALUES ('360102', '东湖区', '0791');
INSERT INTO `areas` VALUES ('360103', '西湖区', '0791');
INSERT INTO `areas` VALUES ('360104', '青云谱区', '0791');
INSERT INTO `areas` VALUES ('360105', '湾里区', '0791');
INSERT INTO `areas` VALUES ('360111', '青山湖区', '0791');
INSERT INTO `areas` VALUES ('360121', '南昌县', '0791');
INSERT INTO `areas` VALUES ('360122', '新建县', '0791');
INSERT INTO `areas` VALUES ('360123', '安义县', '0791');
INSERT INTO `areas` VALUES ('360124', '进贤县', '0791');
INSERT INTO `areas` VALUES ('360202', '昌江区', '0799');
INSERT INTO `areas` VALUES ('360203', '珠山区', '0799');
INSERT INTO `areas` VALUES ('360222', '浮梁县', '0799');
INSERT INTO `areas` VALUES ('360281', '乐平市', '0799');
INSERT INTO `areas` VALUES ('360302', '安源区', '0800');
INSERT INTO `areas` VALUES ('360313', '湘东区', '0800');
INSERT INTO `areas` VALUES ('360321', '莲花县', '0800');
INSERT INTO `areas` VALUES ('360322', '上栗县', '0800');
INSERT INTO `areas` VALUES ('360323', '芦溪县', '0800');
INSERT INTO `areas` VALUES ('360402', '庐山区', '0792');
INSERT INTO `areas` VALUES ('360403', '浔阳区', '0792');
INSERT INTO `areas` VALUES ('360421', '九江县', '0792');
INSERT INTO `areas` VALUES ('360423', '武宁县', '0792');
INSERT INTO `areas` VALUES ('360424', '修水县', '0792');
INSERT INTO `areas` VALUES ('360425', '永修县', '0792');
INSERT INTO `areas` VALUES ('360426', '德安县', '0792');
INSERT INTO `areas` VALUES ('360427', '星子县', '0792');
INSERT INTO `areas` VALUES ('360428', '都昌县', '0792');
INSERT INTO `areas` VALUES ('360429', '湖口县', '0792');
INSERT INTO `areas` VALUES ('360430', '彭泽县', '0792');
INSERT INTO `areas` VALUES ('360481', '瑞昌市', '0792');
INSERT INTO `areas` VALUES ('360482', '共青城市', '0792');
INSERT INTO `areas` VALUES ('360502', '渝水区', '0790');
INSERT INTO `areas` VALUES ('360521', '分宜县', '0790');
INSERT INTO `areas` VALUES ('360602', '月湖区', '0701');
INSERT INTO `areas` VALUES ('360622', '余江县', '0701');
INSERT INTO `areas` VALUES ('360681', '贵溪市', '0701');
INSERT INTO `areas` VALUES ('360702', '章贡区', '0797');
INSERT INTO `areas` VALUES ('360703', '南康区', '0797');
INSERT INTO `areas` VALUES ('360721', '赣县', '0797');
INSERT INTO `areas` VALUES ('360722', '信丰县', '0797');
INSERT INTO `areas` VALUES ('360723', '大余县', '0797');
INSERT INTO `areas` VALUES ('360724', '上犹县', '0797');
INSERT INTO `areas` VALUES ('360725', '崇义县', '0797');
INSERT INTO `areas` VALUES ('360726', '安远县', '0797');
INSERT INTO `areas` VALUES ('360727', '龙南县', '0797');
INSERT INTO `areas` VALUES ('360728', '定南县', '0797');
INSERT INTO `areas` VALUES ('360729', '全南县', '0797');
INSERT INTO `areas` VALUES ('360730', '宁都县', '0797');
INSERT INTO `areas` VALUES ('360731', '于都县', '0797');
INSERT INTO `areas` VALUES ('360732', '兴国县', '0797');
INSERT INTO `areas` VALUES ('360733', '会昌县', '0797');
INSERT INTO `areas` VALUES ('360734', '寻乌县', '0797');
INSERT INTO `areas` VALUES ('360735', '石城县', '0797');
INSERT INTO `areas` VALUES ('360781', '瑞金市', '0797');
INSERT INTO `areas` VALUES ('360802', '吉州区', '0796');
INSERT INTO `areas` VALUES ('360803', '青原区', '0796');
INSERT INTO `areas` VALUES ('360821', '吉安县', '0796');
INSERT INTO `areas` VALUES ('360822', '吉水县', '0796');
INSERT INTO `areas` VALUES ('360823', '峡江县', '0796');
INSERT INTO `areas` VALUES ('360824', '新干县', '0796');
INSERT INTO `areas` VALUES ('360825', '永丰县', '0796');
INSERT INTO `areas` VALUES ('360826', '泰和县', '0796');
INSERT INTO `areas` VALUES ('360827', '遂川县', '0796');
INSERT INTO `areas` VALUES ('360828', '万安县', '0796');
INSERT INTO `areas` VALUES ('360829', '安福县', '0796');
INSERT INTO `areas` VALUES ('360830', '永新县', '0796');
INSERT INTO `areas` VALUES ('360881', '井冈山市', '0796');
INSERT INTO `areas` VALUES ('360902', '袁州区', '0795');
INSERT INTO `areas` VALUES ('360921', '奉新县', '0795');
INSERT INTO `areas` VALUES ('360922', '万载县', '0795');
INSERT INTO `areas` VALUES ('360923', '上高县', '0795');
INSERT INTO `areas` VALUES ('360924', '宜丰县', '0795');
INSERT INTO `areas` VALUES ('360925', '靖安县', '0795');
INSERT INTO `areas` VALUES ('360926', '铜鼓县', '0795');
INSERT INTO `areas` VALUES ('360981', '丰城市', '0795');
INSERT INTO `areas` VALUES ('360982', '樟树市', '0795');
INSERT INTO `areas` VALUES ('360983', '高安市', '0795');
INSERT INTO `areas` VALUES ('361002', '临川区', '0794');
INSERT INTO `areas` VALUES ('361021', '南城县', '0794');
INSERT INTO `areas` VALUES ('361022', '黎川县', '0794');
INSERT INTO `areas` VALUES ('361023', '南丰县', '0794');
INSERT INTO `areas` VALUES ('361024', '崇仁县', '0794');
INSERT INTO `areas` VALUES ('361025', '乐安县', '0794');
INSERT INTO `areas` VALUES ('361026', '宜黄县', '0794');
INSERT INTO `areas` VALUES ('361027', '金溪县', '0794');
INSERT INTO `areas` VALUES ('361028', '资溪县', '0794');
INSERT INTO `areas` VALUES ('361029', '东乡县', '0794');
INSERT INTO `areas` VALUES ('361030', '广昌县', '0794');
INSERT INTO `areas` VALUES ('361102', '信州区', '0793');
INSERT INTO `areas` VALUES ('361121', '上饶县', '0793');
INSERT INTO `areas` VALUES ('361122', '广丰县', '0793');
INSERT INTO `areas` VALUES ('361123', '玉山县', '0793');
INSERT INTO `areas` VALUES ('361124', '铅山县', '0793');
INSERT INTO `areas` VALUES ('361125', '横峰县', '0793');
INSERT INTO `areas` VALUES ('361126', '弋阳县', '0793');
INSERT INTO `areas` VALUES ('361127', '余干县', '0793');
INSERT INTO `areas` VALUES ('361128', '鄱阳县', '0793');
INSERT INTO `areas` VALUES ('361129', '万年县', '0793');
INSERT INTO `areas` VALUES ('361130', '婺源县', '0793');
INSERT INTO `areas` VALUES ('361181', '德兴市', '0793');
INSERT INTO `areas` VALUES ('370102', '历下区', '0531');
INSERT INTO `areas` VALUES ('370103', '市中区', '0531');
INSERT INTO `areas` VALUES ('370104', '槐荫区', '0531');
INSERT INTO `areas` VALUES ('370105', '天桥区', '0531');
INSERT INTO `areas` VALUES ('370112', '历城区', '0531');
INSERT INTO `areas` VALUES ('370113', '长清区', '0531');
INSERT INTO `areas` VALUES ('370124', '平阴县', '0531');
INSERT INTO `areas` VALUES ('370125', '济阳县', '0531');
INSERT INTO `areas` VALUES ('370126', '商河县', '0531');
INSERT INTO `areas` VALUES ('370181', '章丘市', '0531');
INSERT INTO `areas` VALUES ('370202', '市南区', '0532');
INSERT INTO `areas` VALUES ('370203', '市北区', '0532');
INSERT INTO `areas` VALUES ('370211', '黄岛区', '0532');
INSERT INTO `areas` VALUES ('370212', '崂山区', '0532');
INSERT INTO `areas` VALUES ('370213', '李沧区', '0532');
INSERT INTO `areas` VALUES ('370214', '城阳区', '0532');
INSERT INTO `areas` VALUES ('370281', '胶州市', '0532');
INSERT INTO `areas` VALUES ('370282', '即墨市', '0532');
INSERT INTO `areas` VALUES ('370283', '平度市', '0532');
INSERT INTO `areas` VALUES ('370285', '莱西市', '0532');
INSERT INTO `areas` VALUES ('370286', '西海岸新区', '0532');
INSERT INTO `areas` VALUES ('370302', '淄川区', '0533');
INSERT INTO `areas` VALUES ('370303', '张店区', '0533');
INSERT INTO `areas` VALUES ('370304', '博山区', '0533');
INSERT INTO `areas` VALUES ('370305', '临淄区', '0533');
INSERT INTO `areas` VALUES ('370306', '周村区', '0533');
INSERT INTO `areas` VALUES ('370321', '桓台县', '0533');
INSERT INTO `areas` VALUES ('370322', '高青县', '0533');
INSERT INTO `areas` VALUES ('370323', '沂源县', '0533');
INSERT INTO `areas` VALUES ('370402', '市中区', '0632');
INSERT INTO `areas` VALUES ('370403', '薛城区', '0632');
INSERT INTO `areas` VALUES ('370404', '峄城区', '0632');
INSERT INTO `areas` VALUES ('370405', '台儿庄区', '0632');
INSERT INTO `areas` VALUES ('370406', '山亭区', '0632');
INSERT INTO `areas` VALUES ('370481', '滕州市', '0632');
INSERT INTO `areas` VALUES ('370502', '东营区', '0546');
INSERT INTO `areas` VALUES ('370503', '河口区', '0546');
INSERT INTO `areas` VALUES ('370521', '垦利县', '0546');
INSERT INTO `areas` VALUES ('370522', '利津县', '0546');
INSERT INTO `areas` VALUES ('370523', '广饶县', '0546');
INSERT INTO `areas` VALUES ('370602', '芝罘区', '0635');
INSERT INTO `areas` VALUES ('370611', '福山区', '0635');
INSERT INTO `areas` VALUES ('370612', '牟平区', '0635');
INSERT INTO `areas` VALUES ('370613', '莱山区', '0635');
INSERT INTO `areas` VALUES ('370634', '长岛县', '0635');
INSERT INTO `areas` VALUES ('370681', '龙口市', '0635');
INSERT INTO `areas` VALUES ('370682', '莱阳市', '0635');
INSERT INTO `areas` VALUES ('370683', '莱州市', '0635');
INSERT INTO `areas` VALUES ('370684', '蓬莱市', '0635');
INSERT INTO `areas` VALUES ('370685', '招远市', '0635');
INSERT INTO `areas` VALUES ('370686', '栖霞市', '0635');
INSERT INTO `areas` VALUES ('370687', '海阳市', '0635');
INSERT INTO `areas` VALUES ('370702', '潍城区', '0536');
INSERT INTO `areas` VALUES ('370703', '寒亭区', '0536');
INSERT INTO `areas` VALUES ('370704', '坊子区', '0536');
INSERT INTO `areas` VALUES ('370705', '奎文区', '0536');
INSERT INTO `areas` VALUES ('370724', '临朐县', '0536');
INSERT INTO `areas` VALUES ('370725', '昌乐县', '0536');
INSERT INTO `areas` VALUES ('370781', '青州市', '0536');
INSERT INTO `areas` VALUES ('370782', '诸城市', '0536');
INSERT INTO `areas` VALUES ('370783', '寿光市', '0536');
INSERT INTO `areas` VALUES ('370784', '安丘市', '0536');
INSERT INTO `areas` VALUES ('370785', '高密市', '0536');
INSERT INTO `areas` VALUES ('370786', '昌邑市', '0536');
INSERT INTO `areas` VALUES ('370811', '任城区', '0537');
INSERT INTO `areas` VALUES ('370812', '兖州区', '0537');
INSERT INTO `areas` VALUES ('370826', '微山县', '0537');
INSERT INTO `areas` VALUES ('370827', '鱼台县', '0537');
INSERT INTO `areas` VALUES ('370828', '金乡县', '0537');
INSERT INTO `areas` VALUES ('370829', '嘉祥县', '0537');
INSERT INTO `areas` VALUES ('370830', '汶上县', '0537');
INSERT INTO `areas` VALUES ('370831', '泗水县', '0537');
INSERT INTO `areas` VALUES ('370832', '梁山县', '0537');
INSERT INTO `areas` VALUES ('370881', '曲阜市', '0537');
INSERT INTO `areas` VALUES ('370883', '邹城市', '0537');
INSERT INTO `areas` VALUES ('370902', '泰山区', '0538');
INSERT INTO `areas` VALUES ('370911', '岱岳区', '0538');
INSERT INTO `areas` VALUES ('370921', '宁阳县', '0538');
INSERT INTO `areas` VALUES ('370923', '东平县', '0538');
INSERT INTO `areas` VALUES ('370982', '新泰市', '0538');
INSERT INTO `areas` VALUES ('370983', '肥城市', '0538');
INSERT INTO `areas` VALUES ('371002', '环翠区', '0631');
INSERT INTO `areas` VALUES ('371003', '文登区', '0631');
INSERT INTO `areas` VALUES ('371082', '荣成市', '0631');
INSERT INTO `areas` VALUES ('371083', '乳山市', '0631');
INSERT INTO `areas` VALUES ('371102', '东港区', '0633');
INSERT INTO `areas` VALUES ('371103', '岚山区', '0633');
INSERT INTO `areas` VALUES ('371121', '五莲县', '0633');
INSERT INTO `areas` VALUES ('371122', '莒县', '0633');
INSERT INTO `areas` VALUES ('371202', '莱城区', '0634');
INSERT INTO `areas` VALUES ('371203', '钢城区', '0634');
INSERT INTO `areas` VALUES ('371302', '兰山区', '0539');
INSERT INTO `areas` VALUES ('371311', '罗庄区', '0539');
INSERT INTO `areas` VALUES ('371312', '河东区', '0539');
INSERT INTO `areas` VALUES ('371321', '沂南县', '0539');
INSERT INTO `areas` VALUES ('371322', '郯城县', '0539');
INSERT INTO `areas` VALUES ('371323', '沂水县', '0539');
INSERT INTO `areas` VALUES ('371324', '兰陵县', '0539');
INSERT INTO `areas` VALUES ('371325', '费县', '0539');
INSERT INTO `areas` VALUES ('371326', '平邑县', '0539');
INSERT INTO `areas` VALUES ('371327', '莒南县', '0539');
INSERT INTO `areas` VALUES ('371328', '蒙阴县', '0539');
INSERT INTO `areas` VALUES ('371329', '临沭县', '0539');
INSERT INTO `areas` VALUES ('371402', '德城区', '0534');
INSERT INTO `areas` VALUES ('371403', '陵城区', '0534');
INSERT INTO `areas` VALUES ('371422', '宁津县', '0534');
INSERT INTO `areas` VALUES ('371423', '庆云县', '0534');
INSERT INTO `areas` VALUES ('371424', '临邑县', '0534');
INSERT INTO `areas` VALUES ('371425', '齐河县', '0534');
INSERT INTO `areas` VALUES ('371426', '平原县', '0534');
INSERT INTO `areas` VALUES ('371427', '夏津县', '0534');
INSERT INTO `areas` VALUES ('371428', '武城县', '0534');
INSERT INTO `areas` VALUES ('371481', '乐陵市', '0534');
INSERT INTO `areas` VALUES ('371482', '禹城市', '0534');
INSERT INTO `areas` VALUES ('371502', '东昌府区', '0535');
INSERT INTO `areas` VALUES ('371521', '阳谷县', '0535');
INSERT INTO `areas` VALUES ('371522', '莘县', '0535');
INSERT INTO `areas` VALUES ('371523', '茌平县', '0535');
INSERT INTO `areas` VALUES ('371524', '东阿县', '0535');
INSERT INTO `areas` VALUES ('371525', '冠县', '0535');
INSERT INTO `areas` VALUES ('371526', '高唐县', '0535');
INSERT INTO `areas` VALUES ('371581', '临清市', '0535');
INSERT INTO `areas` VALUES ('371602', '滨城区', '0543');
INSERT INTO `areas` VALUES ('371603', '沾化区', '0543');
INSERT INTO `areas` VALUES ('371621', '惠民县', '0543');
INSERT INTO `areas` VALUES ('371622', '阳信县', '0543');
INSERT INTO `areas` VALUES ('371623', '无棣县', '0543');
INSERT INTO `areas` VALUES ('371625', '博兴县', '0543');
INSERT INTO `areas` VALUES ('371626', '邹平县', '0543');
INSERT INTO `areas` VALUES ('371627', '北海新区', '0543');
INSERT INTO `areas` VALUES ('371702', '牡丹区', '0530');
INSERT INTO `areas` VALUES ('371721', '曹县', '0530');
INSERT INTO `areas` VALUES ('371722', '单县', '0530');
INSERT INTO `areas` VALUES ('371723', '成武县', '0530');
INSERT INTO `areas` VALUES ('371724', '巨野县', '0530');
INSERT INTO `areas` VALUES ('371725', '郓城县', '0530');
INSERT INTO `areas` VALUES ('371726', '鄄城县', '0530');
INSERT INTO `areas` VALUES ('371727', '定陶县', '0530');
INSERT INTO `areas` VALUES ('371728', '东明县', '0530');
INSERT INTO `areas` VALUES ('410102', '中原区', '0371');
INSERT INTO `areas` VALUES ('410103', '二七区', '0371');
INSERT INTO `areas` VALUES ('410104', '管城回族区', '0371');
INSERT INTO `areas` VALUES ('410105', '金水区', '0371');
INSERT INTO `areas` VALUES ('410106', '上街区', '0371');
INSERT INTO `areas` VALUES ('410108', '惠济区', '0371');
INSERT INTO `areas` VALUES ('410122', '中牟县', '0371');
INSERT INTO `areas` VALUES ('410181', '巩义市', '0371');
INSERT INTO `areas` VALUES ('410182', '荥阳市', '0371');
INSERT INTO `areas` VALUES ('410183', '新密市', '0371');
INSERT INTO `areas` VALUES ('410184', '新郑市', '0371');
INSERT INTO `areas` VALUES ('410185', '登封市', '0371');
INSERT INTO `areas` VALUES ('410202', '龙亭区', '0378');
INSERT INTO `areas` VALUES ('410203', '顺河回族区', '0378');
INSERT INTO `areas` VALUES ('410204', '鼓楼区', '0378');
INSERT INTO `areas` VALUES ('410205', '禹王台区', '0378');
INSERT INTO `areas` VALUES ('410212', '祥符区', '0378');
INSERT INTO `areas` VALUES ('410221', '杞县', '0378');
INSERT INTO `areas` VALUES ('410222', '通许县', '0378');
INSERT INTO `areas` VALUES ('410223', '尉氏县', '0378');
INSERT INTO `areas` VALUES ('410225', '兰考县', '0378');
INSERT INTO `areas` VALUES ('410302', '老城区', '0379');
INSERT INTO `areas` VALUES ('410303', '西工区', '0379');
INSERT INTO `areas` VALUES ('410304', '瀍河回族区', '0379');
INSERT INTO `areas` VALUES ('410305', '涧西区', '0379');
INSERT INTO `areas` VALUES ('410306', '吉利区', '0379');
INSERT INTO `areas` VALUES ('410311', '洛龙区', '0379');
INSERT INTO `areas` VALUES ('410322', '孟津县', '0379');
INSERT INTO `areas` VALUES ('410323', '新安县', '0379');
INSERT INTO `areas` VALUES ('410324', '栾川县', '0379');
INSERT INTO `areas` VALUES ('410325', '嵩县', '0379');
INSERT INTO `areas` VALUES ('410326', '汝阳县', '0379');
INSERT INTO `areas` VALUES ('410327', '宜阳县', '0379');
INSERT INTO `areas` VALUES ('410328', '洛宁县', '0379');
INSERT INTO `areas` VALUES ('410329', '伊川县', '0379');
INSERT INTO `areas` VALUES ('410381', '偃师市', '0379');
INSERT INTO `areas` VALUES ('410402', '新华区', '0375');
INSERT INTO `areas` VALUES ('410403', '卫东区', '0375');
INSERT INTO `areas` VALUES ('410404', '石龙区', '0375');
INSERT INTO `areas` VALUES ('410411', '湛河区', '0375');
INSERT INTO `areas` VALUES ('410421', '宝丰县', '0375');
INSERT INTO `areas` VALUES ('410422', '叶县', '0375');
INSERT INTO `areas` VALUES ('410423', '鲁山县', '0375');
INSERT INTO `areas` VALUES ('410425', '郏县', '0375');
INSERT INTO `areas` VALUES ('410481', '舞钢市', '0375');
INSERT INTO `areas` VALUES ('410482', '汝州市', '0375');
INSERT INTO `areas` VALUES ('410502', '文峰区', '0372');
INSERT INTO `areas` VALUES ('410503', '北关区', '0372');
INSERT INTO `areas` VALUES ('410505', '殷都区', '0372');
INSERT INTO `areas` VALUES ('410506', '龙安区', '0372');
INSERT INTO `areas` VALUES ('410522', '安阳县', '0372');
INSERT INTO `areas` VALUES ('410523', '汤阴县', '0372');
INSERT INTO `areas` VALUES ('410526', '滑县', '0372');
INSERT INTO `areas` VALUES ('410527', '内黄县', '0372');
INSERT INTO `areas` VALUES ('410581', '林州市', '0372');
INSERT INTO `areas` VALUES ('410602', '鹤山区', '0392');
INSERT INTO `areas` VALUES ('410603', '山城区', '0392');
INSERT INTO `areas` VALUES ('410611', '淇滨区', '0392');
INSERT INTO `areas` VALUES ('410621', '浚县', '0392');
INSERT INTO `areas` VALUES ('410622', '淇县', '0392');
INSERT INTO `areas` VALUES ('410702', '红旗区', '0373');
INSERT INTO `areas` VALUES ('410703', '卫滨区', '0373');
INSERT INTO `areas` VALUES ('410704', '凤泉区', '0373');
INSERT INTO `areas` VALUES ('410711', '牧野区', '0373');
INSERT INTO `areas` VALUES ('410721', '新乡县', '0373');
INSERT INTO `areas` VALUES ('410724', '获嘉县', '0373');
INSERT INTO `areas` VALUES ('410725', '原阳县', '0373');
INSERT INTO `areas` VALUES ('410726', '延津县', '0373');
INSERT INTO `areas` VALUES ('410727', '封丘县', '0373');
INSERT INTO `areas` VALUES ('410728', '长垣县', '0373');
INSERT INTO `areas` VALUES ('410781', '卫辉市', '0373');
INSERT INTO `areas` VALUES ('410782', '辉县市', '0373');
INSERT INTO `areas` VALUES ('410802', '解放区', '0391');
INSERT INTO `areas` VALUES ('410803', '中站区', '0391');
INSERT INTO `areas` VALUES ('410804', '马村区', '0391');
INSERT INTO `areas` VALUES ('410811', '山阳区', '0391');
INSERT INTO `areas` VALUES ('410821', '修武县', '0391');
INSERT INTO `areas` VALUES ('410822', '博爱县', '0391');
INSERT INTO `areas` VALUES ('410823', '武陟县', '0391');
INSERT INTO `areas` VALUES ('410825', '温县', '0391');
INSERT INTO `areas` VALUES ('410882', '沁阳市', '0391');
INSERT INTO `areas` VALUES ('410883', '孟州市', '0391');
INSERT INTO `areas` VALUES ('410902', '华龙区', '0393');
INSERT INTO `areas` VALUES ('410922', '清丰县', '0393');
INSERT INTO `areas` VALUES ('410923', '南乐县', '0393');
INSERT INTO `areas` VALUES ('410926', '范县', '0393');
INSERT INTO `areas` VALUES ('410927', '台前县', '0393');
INSERT INTO `areas` VALUES ('410928', '濮阳县', '0393');
INSERT INTO `areas` VALUES ('411002', '魏都区', '0374');
INSERT INTO `areas` VALUES ('411023', '许昌县', '0374');
INSERT INTO `areas` VALUES ('411024', '鄢陵县', '0374');
INSERT INTO `areas` VALUES ('411025', '襄城县', '0374');
INSERT INTO `areas` VALUES ('411081', '禹州市', '0374');
INSERT INTO `areas` VALUES ('411082', '长葛市', '0374');
INSERT INTO `areas` VALUES ('411102', '源汇区', '0395');
INSERT INTO `areas` VALUES ('411103', '郾城区', '0395');
INSERT INTO `areas` VALUES ('411104', '召陵区', '0395');
INSERT INTO `areas` VALUES ('411121', '舞阳县', '0395');
INSERT INTO `areas` VALUES ('411122', '临颍县', '0395');
INSERT INTO `areas` VALUES ('411202', '湖滨区', '0398');
INSERT INTO `areas` VALUES ('411221', '渑池县', '0398');
INSERT INTO `areas` VALUES ('411222', '陕县', '0398');
INSERT INTO `areas` VALUES ('411224', '卢氏县', '0398');
INSERT INTO `areas` VALUES ('411281', '义马市', '0398');
INSERT INTO `areas` VALUES ('411282', '灵宝市', '0398');
INSERT INTO `areas` VALUES ('411302', '宛城区', '0377');
INSERT INTO `areas` VALUES ('411303', '卧龙区', '0377');
INSERT INTO `areas` VALUES ('411321', '南召县', '0377');
INSERT INTO `areas` VALUES ('411322', '方城县', '0377');
INSERT INTO `areas` VALUES ('411323', '西峡县', '0377');
INSERT INTO `areas` VALUES ('411324', '镇平县', '0377');
INSERT INTO `areas` VALUES ('411325', '内乡县', '0377');
INSERT INTO `areas` VALUES ('411326', '淅川县', '0377');
INSERT INTO `areas` VALUES ('411327', '社旗县', '0377');
INSERT INTO `areas` VALUES ('411328', '唐河县', '0377');
INSERT INTO `areas` VALUES ('411329', '新野县', '0377');
INSERT INTO `areas` VALUES ('411330', '桐柏县', '0377');
INSERT INTO `areas` VALUES ('411381', '邓州市', '0377');
INSERT INTO `areas` VALUES ('411402', '梁园区', '0370');
INSERT INTO `areas` VALUES ('411403', '睢阳区', '0370');
INSERT INTO `areas` VALUES ('411421', '民权县', '0370');
INSERT INTO `areas` VALUES ('411422', '睢县', '0370');
INSERT INTO `areas` VALUES ('411423', '宁陵县', '0370');
INSERT INTO `areas` VALUES ('411424', '柘城县', '0370');
INSERT INTO `areas` VALUES ('411425', '虞城县', '0370');
INSERT INTO `areas` VALUES ('411426', '夏邑县', '0370');
INSERT INTO `areas` VALUES ('411481', '永城市', '0370');
INSERT INTO `areas` VALUES ('411502', '浉河区', '0376');
INSERT INTO `areas` VALUES ('411503', '平桥区', '0376');
INSERT INTO `areas` VALUES ('411521', '罗山县', '0376');
INSERT INTO `areas` VALUES ('411522', '光山县', '0376');
INSERT INTO `areas` VALUES ('411523', '新县', '0376');
INSERT INTO `areas` VALUES ('411524', '商城县', '0376');
INSERT INTO `areas` VALUES ('411525', '固始县', '0376');
INSERT INTO `areas` VALUES ('411526', '潢川县', '0376');
INSERT INTO `areas` VALUES ('411527', '淮滨县', '0376');
INSERT INTO `areas` VALUES ('411528', '息县', '0376');
INSERT INTO `areas` VALUES ('411602', '川汇区', '0380');
INSERT INTO `areas` VALUES ('411621', '扶沟县', '0380');
INSERT INTO `areas` VALUES ('411622', '西华县', '0380');
INSERT INTO `areas` VALUES ('411623', '商水县', '0380');
INSERT INTO `areas` VALUES ('411624', '沈丘县', '0380');
INSERT INTO `areas` VALUES ('411625', '郸城县', '0380');
INSERT INTO `areas` VALUES ('411626', '淮阳县', '0380');
INSERT INTO `areas` VALUES ('411627', '太康县', '0380');
INSERT INTO `areas` VALUES ('411628', '鹿邑县', '0380');
INSERT INTO `areas` VALUES ('411681', '项城市', '0380');
INSERT INTO `areas` VALUES ('411702', '驿城区', '0396');
INSERT INTO `areas` VALUES ('411721', '西平县', '0396');
INSERT INTO `areas` VALUES ('411722', '上蔡县', '0396');
INSERT INTO `areas` VALUES ('411723', '平舆县', '0396');
INSERT INTO `areas` VALUES ('411724', '正阳县', '0396');
INSERT INTO `areas` VALUES ('411725', '确山县', '0396');
INSERT INTO `areas` VALUES ('411726', '泌阳县', '0396');
INSERT INTO `areas` VALUES ('411727', '汝南县', '0396');
INSERT INTO `areas` VALUES ('411728', '遂平县', '0396');
INSERT INTO `areas` VALUES ('411729', '新蔡县', '0396');
INSERT INTO `areas` VALUES ('419001', '济源市', '0295');
INSERT INTO `areas` VALUES ('420102', '江岸区', '027');
INSERT INTO `areas` VALUES ('420103', '江汉区', '027');
INSERT INTO `areas` VALUES ('420104', '硚口区', '027');
INSERT INTO `areas` VALUES ('420105', '汉阳区', '027');
INSERT INTO `areas` VALUES ('420106', '武昌区', '027');
INSERT INTO `areas` VALUES ('420107', '青山区', '027');
INSERT INTO `areas` VALUES ('420111', '洪山区', '027');
INSERT INTO `areas` VALUES ('420112', '东西湖区', '027');
INSERT INTO `areas` VALUES ('420113', '汉南区', '027');
INSERT INTO `areas` VALUES ('420114', '蔡甸区', '027');
INSERT INTO `areas` VALUES ('420115', '江夏区', '027');
INSERT INTO `areas` VALUES ('420116', '黄陂区', '027');
INSERT INTO `areas` VALUES ('420117', '新洲区', '027');
INSERT INTO `areas` VALUES ('420202', '黄石港区', '0714');
INSERT INTO `areas` VALUES ('420203', '西塞山区', '0714');
INSERT INTO `areas` VALUES ('420204', '下陆区', '0714');
INSERT INTO `areas` VALUES ('420205', '铁山区', '0714');
INSERT INTO `areas` VALUES ('420222', '阳新县', '0714');
INSERT INTO `areas` VALUES ('420281', '大冶市', '0714');
INSERT INTO `areas` VALUES ('420302', '茅箭区', '0719');
INSERT INTO `areas` VALUES ('420303', '张湾区', '0719');
INSERT INTO `areas` VALUES ('420304', '郧阳区', '0719');
INSERT INTO `areas` VALUES ('420322', '郧西县', '0719');
INSERT INTO `areas` VALUES ('420323', '竹山县', '0719');
INSERT INTO `areas` VALUES ('420324', '竹溪县', '0719');
INSERT INTO `areas` VALUES ('420325', '房县', '0719');
INSERT INTO `areas` VALUES ('420381', '丹江口市', '0719');
INSERT INTO `areas` VALUES ('420502', '西陵区', '0717');
INSERT INTO `areas` VALUES ('420503', '伍家岗区', '0717');
INSERT INTO `areas` VALUES ('420504', '点军区', '0717');
INSERT INTO `areas` VALUES ('420505', '猇亭区', '0717');
INSERT INTO `areas` VALUES ('420506', '夷陵区', '0717');
INSERT INTO `areas` VALUES ('420525', '远安县', '0717');
INSERT INTO `areas` VALUES ('420526', '兴山县', '0717');
INSERT INTO `areas` VALUES ('420527', '秭归县', '0717');
INSERT INTO `areas` VALUES ('420528', '长阳土家族自治县', '0717');
INSERT INTO `areas` VALUES ('420529', '五峰土家族自治县', '0717');
INSERT INTO `areas` VALUES ('420581', '宜都市', '0717');
INSERT INTO `areas` VALUES ('420582', '当阳市', '0717');
INSERT INTO `areas` VALUES ('420583', '枝江市', '0717');
INSERT INTO `areas` VALUES ('420602', '襄城区', '0710');
INSERT INTO `areas` VALUES ('420606', '樊城区', '0710');
INSERT INTO `areas` VALUES ('420607', '襄州区', '0710');
INSERT INTO `areas` VALUES ('420624', '南漳县', '0710');
INSERT INTO `areas` VALUES ('420625', '谷城县', '0710');
INSERT INTO `areas` VALUES ('420626', '保康县', '0710');
INSERT INTO `areas` VALUES ('420682', '老河口市', '0710');
INSERT INTO `areas` VALUES ('420683', '枣阳市', '0710');
INSERT INTO `areas` VALUES ('420684', '宜城市', '0710');
INSERT INTO `areas` VALUES ('420702', '梁子湖区', '0711');
INSERT INTO `areas` VALUES ('420703', '华容区', '0711');
INSERT INTO `areas` VALUES ('420704', '鄂城区', '0711');
INSERT INTO `areas` VALUES ('420802', '东宝区', '0724');
INSERT INTO `areas` VALUES ('420804', '掇刀区', '0724');
INSERT INTO `areas` VALUES ('420821', '京山县', '0724');
INSERT INTO `areas` VALUES ('420822', '沙洋县', '0724');
INSERT INTO `areas` VALUES ('420881', '钟祥市', '0724');
INSERT INTO `areas` VALUES ('420902', '孝南区', '0712');
INSERT INTO `areas` VALUES ('420921', '孝昌县', '0712');
INSERT INTO `areas` VALUES ('420922', '大悟县', '0712');
INSERT INTO `areas` VALUES ('420923', '云梦县', '0712');
INSERT INTO `areas` VALUES ('420981', '应城市', '0712');
INSERT INTO `areas` VALUES ('420982', '安陆市', '0712');
INSERT INTO `areas` VALUES ('420984', '汉川市', '0712');
INSERT INTO `areas` VALUES ('421002', '沙市区', '0716');
INSERT INTO `areas` VALUES ('421003', '荆州区', '0716');
INSERT INTO `areas` VALUES ('421022', '公安县', '0716');
INSERT INTO `areas` VALUES ('421023', '监利县', '0716');
INSERT INTO `areas` VALUES ('421024', '江陵县', '0716');
INSERT INTO `areas` VALUES ('421081', '石首市', '0716');
INSERT INTO `areas` VALUES ('421083', '洪湖市', '0716');
INSERT INTO `areas` VALUES ('421087', '松滋市', '0716');
INSERT INTO `areas` VALUES ('421102', '黄州区', '0713');
INSERT INTO `areas` VALUES ('421121', '团风县', '0713');
INSERT INTO `areas` VALUES ('421122', '红安县', '0713');
INSERT INTO `areas` VALUES ('421123', '罗田县', '0713');
INSERT INTO `areas` VALUES ('421124', '英山县', '0713');
INSERT INTO `areas` VALUES ('421125', '浠水县', '0713');
INSERT INTO `areas` VALUES ('421126', '蕲春县', '0713');
INSERT INTO `areas` VALUES ('421127', '黄梅县', '0713');
INSERT INTO `areas` VALUES ('421181', '麻城市', '0713');
INSERT INTO `areas` VALUES ('421182', '武穴市', '0713');
INSERT INTO `areas` VALUES ('421202', '咸安区', '0715');
INSERT INTO `areas` VALUES ('421221', '嘉鱼县', '0715');
INSERT INTO `areas` VALUES ('421222', '通城县', '0715');
INSERT INTO `areas` VALUES ('421223', '崇阳县', '0715');
INSERT INTO `areas` VALUES ('421224', '通山县', '0715');
INSERT INTO `areas` VALUES ('421281', '赤壁市', '0715');
INSERT INTO `areas` VALUES ('421303', '曾都区', '0722');
INSERT INTO `areas` VALUES ('421321', '随县', '0722');
INSERT INTO `areas` VALUES ('421381', '广水市', '0722');
INSERT INTO `areas` VALUES ('422801', '恩施市', '0718');
INSERT INTO `areas` VALUES ('422802', '利川市', '0718');
INSERT INTO `areas` VALUES ('422822', '建始县', '0718');
INSERT INTO `areas` VALUES ('422823', '巴东县', '0718');
INSERT INTO `areas` VALUES ('422825', '宣恩县', '0718');
INSERT INTO `areas` VALUES ('422826', '咸丰县', '0718');
INSERT INTO `areas` VALUES ('422827', '来凤县', '0718');
INSERT INTO `areas` VALUES ('422828', '鹤峰县', '0718');
INSERT INTO `areas` VALUES ('429004', '仙桃市', '0720');
INSERT INTO `areas` VALUES ('429005', '潜江市', '0721');
INSERT INTO `areas` VALUES ('429006', '天门市', '0723');
INSERT INTO `areas` VALUES ('429021', '神农架林区', '0725');
INSERT INTO `areas` VALUES ('430102', '芙蓉区', '0731');
INSERT INTO `areas` VALUES ('430103', '天心区', '0731');
INSERT INTO `areas` VALUES ('430104', '岳麓区', '0731');
INSERT INTO `areas` VALUES ('430105', '开福区', '0731');
INSERT INTO `areas` VALUES ('430111', '雨花区', '0731');
INSERT INTO `areas` VALUES ('430112', '望城区', '0731');
INSERT INTO `areas` VALUES ('430121', '长沙县', '0731');
INSERT INTO `areas` VALUES ('430124', '宁乡县', '0731');
INSERT INTO `areas` VALUES ('430181', '浏阳市', '0731');
INSERT INTO `areas` VALUES ('430202', '荷塘区', '0731');
INSERT INTO `areas` VALUES ('430203', '芦淞区', '0731');
INSERT INTO `areas` VALUES ('430204', '石峰区', '0731');
INSERT INTO `areas` VALUES ('430211', '天元区', '0731');
INSERT INTO `areas` VALUES ('430221', '株洲县', '0731');
INSERT INTO `areas` VALUES ('430223', '攸县', '0731');
INSERT INTO `areas` VALUES ('430224', '茶陵县', '0731');
INSERT INTO `areas` VALUES ('430225', '炎陵县', '0731');
INSERT INTO `areas` VALUES ('430281', '醴陵市', '0731');
INSERT INTO `areas` VALUES ('430302', '雨湖区', '0731');
INSERT INTO `areas` VALUES ('430304', '岳塘区', '0731');
INSERT INTO `areas` VALUES ('430321', '湘潭县', '0731');
INSERT INTO `areas` VALUES ('430381', '湘乡市', '0731');
INSERT INTO `areas` VALUES ('430382', '韶山市', '0731');
INSERT INTO `areas` VALUES ('430405', '珠晖区', '0734');
INSERT INTO `areas` VALUES ('430406', '雁峰区', '0734');
INSERT INTO `areas` VALUES ('430407', '石鼓区', '0734');
INSERT INTO `areas` VALUES ('430408', '蒸湘区', '0734');
INSERT INTO `areas` VALUES ('430412', '南岳区', '0734');
INSERT INTO `areas` VALUES ('430421', '衡阳县', '0734');
INSERT INTO `areas` VALUES ('430422', '衡南县', '0734');
INSERT INTO `areas` VALUES ('430423', '衡山县', '0734');
INSERT INTO `areas` VALUES ('430424', '衡东县', '0734');
INSERT INTO `areas` VALUES ('430426', '祁东县', '0734');
INSERT INTO `areas` VALUES ('430481', '耒阳市', '0734');
INSERT INTO `areas` VALUES ('430482', '常宁市', '0734');
INSERT INTO `areas` VALUES ('430502', '双清区', '0739');
INSERT INTO `areas` VALUES ('430503', '大祥区', '0739');
INSERT INTO `areas` VALUES ('430511', '北塔区', '0739');
INSERT INTO `areas` VALUES ('430521', '邵东县', '0739');
INSERT INTO `areas` VALUES ('430522', '新邵县', '0739');
INSERT INTO `areas` VALUES ('430523', '邵阳县', '0739');
INSERT INTO `areas` VALUES ('430524', '隆回县', '0739');
INSERT INTO `areas` VALUES ('430525', '洞口县', '0739');
INSERT INTO `areas` VALUES ('430527', '绥宁县', '0739');
INSERT INTO `areas` VALUES ('430528', '新宁县', '0739');
INSERT INTO `areas` VALUES ('430529', '城步苗族自治县', '0739');
INSERT INTO `areas` VALUES ('430581', '武冈市', '0739');
INSERT INTO `areas` VALUES ('430602', '岳阳楼区', '0730');
INSERT INTO `areas` VALUES ('430603', '云溪区', '0730');
INSERT INTO `areas` VALUES ('430611', '君山区', '0730');
INSERT INTO `areas` VALUES ('430621', '岳阳县', '0730');
INSERT INTO `areas` VALUES ('430623', '华容县', '0730');
INSERT INTO `areas` VALUES ('430624', '湘阴县', '0730');
INSERT INTO `areas` VALUES ('430626', '平江县', '0730');
INSERT INTO `areas` VALUES ('430681', '汨罗市', '0730');
INSERT INTO `areas` VALUES ('430682', '临湘市', '0730');
INSERT INTO `areas` VALUES ('430702', '武陵区', '0736');
INSERT INTO `areas` VALUES ('430703', '鼎城区', '0736');
INSERT INTO `areas` VALUES ('430721', '安乡县', '0736');
INSERT INTO `areas` VALUES ('430722', '汉寿县', '0736');
INSERT INTO `areas` VALUES ('430723', '澧县', '0736');
INSERT INTO `areas` VALUES ('430724', '临澧县', '0736');
INSERT INTO `areas` VALUES ('430725', '桃源县', '0736');
INSERT INTO `areas` VALUES ('430726', '石门县', '0736');
INSERT INTO `areas` VALUES ('430781', '津市市', '0736');
INSERT INTO `areas` VALUES ('430802', '永定区', '0744');
INSERT INTO `areas` VALUES ('430811', '武陵源区', '0744');
INSERT INTO `areas` VALUES ('430821', '慈利县', '0744');
INSERT INTO `areas` VALUES ('430822', '桑植县', '0744');
INSERT INTO `areas` VALUES ('430902', '资阳区', '0737');
INSERT INTO `areas` VALUES ('430903', '赫山区', '0737');
INSERT INTO `areas` VALUES ('430921', '南县', '0737');
INSERT INTO `areas` VALUES ('430922', '桃江县', '0737');
INSERT INTO `areas` VALUES ('430923', '安化县', '0737');
INSERT INTO `areas` VALUES ('430981', '沅江市', '0737');
INSERT INTO `areas` VALUES ('431002', '北湖区', '0735');
INSERT INTO `areas` VALUES ('431003', '苏仙区', '0735');
INSERT INTO `areas` VALUES ('431021', '桂阳县', '0735');
INSERT INTO `areas` VALUES ('431022', '宜章县', '0735');
INSERT INTO `areas` VALUES ('431023', '永兴县', '0735');
INSERT INTO `areas` VALUES ('431024', '嘉禾县', '0735');
INSERT INTO `areas` VALUES ('431025', '临武县', '0735');
INSERT INTO `areas` VALUES ('431026', '汝城县', '0735');
INSERT INTO `areas` VALUES ('431027', '桂东县', '0735');
INSERT INTO `areas` VALUES ('431028', '安仁县', '0735');
INSERT INTO `areas` VALUES ('431081', '资兴市', '0735');
INSERT INTO `areas` VALUES ('431102', '零陵区', '0746');
INSERT INTO `areas` VALUES ('431103', '冷水滩区', '0746');
INSERT INTO `areas` VALUES ('431121', '祁阳县', '0746');
INSERT INTO `areas` VALUES ('431122', '东安县', '0746');
INSERT INTO `areas` VALUES ('431123', '双牌县', '0746');
INSERT INTO `areas` VALUES ('431124', '道县', '0746');
INSERT INTO `areas` VALUES ('431125', '江永县', '0746');
INSERT INTO `areas` VALUES ('431126', '宁远县', '0746');
INSERT INTO `areas` VALUES ('431127', '蓝山县', '0746');
INSERT INTO `areas` VALUES ('431128', '新田县', '0746');
INSERT INTO `areas` VALUES ('431129', '江华瑶族自治县', '0746');
INSERT INTO `areas` VALUES ('431202', '鹤城区', '0745');
INSERT INTO `areas` VALUES ('431221', '中方县', '0745');
INSERT INTO `areas` VALUES ('431222', '沅陵县', '0745');
INSERT INTO `areas` VALUES ('431223', '辰溪县', '0745');
INSERT INTO `areas` VALUES ('431224', '溆浦县', '0745');
INSERT INTO `areas` VALUES ('431225', '会同县', '0745');
INSERT INTO `areas` VALUES ('431226', '麻阳苗族自治县', '0745');
INSERT INTO `areas` VALUES ('431227', '新晃侗族自治县', '0745');
INSERT INTO `areas` VALUES ('431228', '芷江侗族自治县', '0745');
INSERT INTO `areas` VALUES ('431229', '靖州苗族侗族自治县', '0745');
INSERT INTO `areas` VALUES ('431230', '通道侗族自治县', '0745');
INSERT INTO `areas` VALUES ('431281', '洪江市', '0745');
INSERT INTO `areas` VALUES ('431302', '娄星区', '0738');
INSERT INTO `areas` VALUES ('431321', '双峰县', '0738');
INSERT INTO `areas` VALUES ('431322', '新化县', '0738');
INSERT INTO `areas` VALUES ('431381', '冷水江市', '0738');
INSERT INTO `areas` VALUES ('431382', '涟源市', '0738');
INSERT INTO `areas` VALUES ('433101', '吉首市', '0743');
INSERT INTO `areas` VALUES ('433122', '泸溪县', '0743');
INSERT INTO `areas` VALUES ('433123', '凤凰县', '0743');
INSERT INTO `areas` VALUES ('433124', '花垣县', '0743');
INSERT INTO `areas` VALUES ('433125', '保靖县', '0743');
INSERT INTO `areas` VALUES ('433126', '古丈县', '0743');
INSERT INTO `areas` VALUES ('433127', '永顺县', '0743');
INSERT INTO `areas` VALUES ('433130', '龙山县', '0743');
INSERT INTO `areas` VALUES ('440103', '荔湾区', '020');
INSERT INTO `areas` VALUES ('440104', '越秀区', '020');
INSERT INTO `areas` VALUES ('440105', '海珠区', '020');
INSERT INTO `areas` VALUES ('440106', '天河区', '020');
INSERT INTO `areas` VALUES ('440111', '白云区', '020');
INSERT INTO `areas` VALUES ('440112', '黄埔区', '020');
INSERT INTO `areas` VALUES ('440113', '番禺区', '020');
INSERT INTO `areas` VALUES ('440114', '花都区', '020');
INSERT INTO `areas` VALUES ('440115', '南沙区', '020');
INSERT INTO `areas` VALUES ('440117', '从化区', '020');
INSERT INTO `areas` VALUES ('440118', '增城区', '020');
INSERT INTO `areas` VALUES ('440203', '武江区', '0751');
INSERT INTO `areas` VALUES ('440204', '浈江区', '0751');
INSERT INTO `areas` VALUES ('440205', '曲江区', '0751');
INSERT INTO `areas` VALUES ('440222', '始兴县', '0751');
INSERT INTO `areas` VALUES ('440224', '仁化县', '0751');
INSERT INTO `areas` VALUES ('440229', '翁源县', '0751');
INSERT INTO `areas` VALUES ('440232', '乳源瑶族自治县', '0751');
INSERT INTO `areas` VALUES ('440233', '新丰县', '0751');
INSERT INTO `areas` VALUES ('440281', '乐昌市', '0751');
INSERT INTO `areas` VALUES ('440282', '南雄市', '0751');
INSERT INTO `areas` VALUES ('440303', '罗湖区', '0755');
INSERT INTO `areas` VALUES ('440304', '福田区', '0755');
INSERT INTO `areas` VALUES ('440305', '南山区', '0755');
INSERT INTO `areas` VALUES ('440306', '宝安区', '0755');
INSERT INTO `areas` VALUES ('440307', '龙岗区', '0755');
INSERT INTO `areas` VALUES ('440308', '盐田区', '0755');
INSERT INTO `areas` VALUES ('440309', '光明新区', '0755');
INSERT INTO `areas` VALUES ('440310', '坪山新区', '0755');
INSERT INTO `areas` VALUES ('440311', '大鹏新区', '0755');
INSERT INTO `areas` VALUES ('440312', '龙华新区', '0755');
INSERT INTO `areas` VALUES ('440402', '香洲区', '0756');
INSERT INTO `areas` VALUES ('440403', '斗门区', '0756');
INSERT INTO `areas` VALUES ('440404', '金湾区', '0756');
INSERT INTO `areas` VALUES ('440507', '龙湖区', '0754');
INSERT INTO `areas` VALUES ('440511', '金平区', '0754');
INSERT INTO `areas` VALUES ('440512', '濠江区', '0754');
INSERT INTO `areas` VALUES ('440513', '潮阳区', '0754');
INSERT INTO `areas` VALUES ('440514', '潮南区', '0754');
INSERT INTO `areas` VALUES ('440515', '澄海区', '0754');
INSERT INTO `areas` VALUES ('440523', '南澳县', '0754');
INSERT INTO `areas` VALUES ('440604', '禅城区', '0757');
INSERT INTO `areas` VALUES ('440605', '南海区', '0757');
INSERT INTO `areas` VALUES ('440606', '顺德区', '0757');
INSERT INTO `areas` VALUES ('440607', '三水区', '0757');
INSERT INTO `areas` VALUES ('440608', '高明区', '0757');
INSERT INTO `areas` VALUES ('440703', '蓬江区', '0750');
INSERT INTO `areas` VALUES ('440704', '江海区', '0750');
INSERT INTO `areas` VALUES ('440705', '新会区', '0750');
INSERT INTO `areas` VALUES ('440781', '台山市', '0750');
INSERT INTO `areas` VALUES ('440783', '开平市', '0750');
INSERT INTO `areas` VALUES ('440784', '鹤山市', '0750');
INSERT INTO `areas` VALUES ('440785', '恩平市', '0750');
INSERT INTO `areas` VALUES ('440802', '赤坎区', '0759');
INSERT INTO `areas` VALUES ('440803', '霞山区', '0759');
INSERT INTO `areas` VALUES ('440804', '坡头区', '0759');
INSERT INTO `areas` VALUES ('440811', '麻章区', '0759');
INSERT INTO `areas` VALUES ('440823', '遂溪县', '0759');
INSERT INTO `areas` VALUES ('440825', '徐闻县', '0759');
INSERT INTO `areas` VALUES ('440881', '廉江市', '0759');
INSERT INTO `areas` VALUES ('440882', '雷州市', '0759');
INSERT INTO `areas` VALUES ('440883', '吴川市', '0759');
INSERT INTO `areas` VALUES ('440902', '茂南区', '0668');
INSERT INTO `areas` VALUES ('440904', '电白区', '0668');
INSERT INTO `areas` VALUES ('440981', '高州市', '0668');
INSERT INTO `areas` VALUES ('440982', '化州市', '0668');
INSERT INTO `areas` VALUES ('440983', '信宜市', '0668');
INSERT INTO `areas` VALUES ('441202', '端州区', '0758');
INSERT INTO `areas` VALUES ('441203', '鼎湖区', '0758');
INSERT INTO `areas` VALUES ('441223', '广宁县', '0758');
INSERT INTO `areas` VALUES ('441224', '怀集县', '0758');
INSERT INTO `areas` VALUES ('441225', '封开县', '0758');
INSERT INTO `areas` VALUES ('441226', '德庆县', '0758');
INSERT INTO `areas` VALUES ('441283', '高要市', '0758');
INSERT INTO `areas` VALUES ('441284', '四会市', '0758');
INSERT INTO `areas` VALUES ('441302', '惠城区', '0752');
INSERT INTO `areas` VALUES ('441303', '惠阳区', '0752');
INSERT INTO `areas` VALUES ('441322', '博罗县', '0752');
INSERT INTO `areas` VALUES ('441323', '惠东县', '0752');
INSERT INTO `areas` VALUES ('441324', '龙门县', '0752');
INSERT INTO `areas` VALUES ('441402', '梅江区', '0753');
INSERT INTO `areas` VALUES ('441403', '梅县区', '0753');
INSERT INTO `areas` VALUES ('441422', '大埔县', '0753');
INSERT INTO `areas` VALUES ('441423', '丰顺县', '0753');
INSERT INTO `areas` VALUES ('441424', '五华县', '0753');
INSERT INTO `areas` VALUES ('441426', '平远县', '0753');
INSERT INTO `areas` VALUES ('441427', '蕉岭县', '0753');
INSERT INTO `areas` VALUES ('441481', '兴宁市', '0753');
INSERT INTO `areas` VALUES ('441502', '城区', '0660');
INSERT INTO `areas` VALUES ('441521', '海丰县', '0660');
INSERT INTO `areas` VALUES ('441523', '陆河县', '0660');
INSERT INTO `areas` VALUES ('441581', '陆丰市', '0660');
INSERT INTO `areas` VALUES ('441602', '源城区', '0762');
INSERT INTO `areas` VALUES ('441621', '紫金县', '0762');
INSERT INTO `areas` VALUES ('441622', '龙川县', '0762');
INSERT INTO `areas` VALUES ('441623', '连平县', '0762');
INSERT INTO `areas` VALUES ('441624', '和平县', '0762');
INSERT INTO `areas` VALUES ('441625', '东源县', '0762');
INSERT INTO `areas` VALUES ('441702', '江城区', '0662');
INSERT INTO `areas` VALUES ('441704', '阳东区', '0662');
INSERT INTO `areas` VALUES ('441721', '阳西县', '0662');
INSERT INTO `areas` VALUES ('441781', '阳春市', '0662');
INSERT INTO `areas` VALUES ('441802', '清城区', '0763');
INSERT INTO `areas` VALUES ('441803', '清新区', '0763');
INSERT INTO `areas` VALUES ('441821', '佛冈县', '0763');
INSERT INTO `areas` VALUES ('441823', '阳山县', '0763');
INSERT INTO `areas` VALUES ('441825', '连山壮族瑶族自治县', '0763');
INSERT INTO `areas` VALUES ('441826', '连南瑶族自治县', '0763');
INSERT INTO `areas` VALUES ('441881', '英德市', '0763');
INSERT INTO `areas` VALUES ('441882', '连州市', '0763');
INSERT INTO `areas` VALUES ('441901', '莞城区', '0769');
INSERT INTO `areas` VALUES ('441902', '南城区', '0769');
INSERT INTO `areas` VALUES ('441904', '万江区', '0769');
INSERT INTO `areas` VALUES ('441905', '石碣镇', '0769');
INSERT INTO `areas` VALUES ('441906', '石龙镇', '0769');
INSERT INTO `areas` VALUES ('441907', '茶山镇', '0769');
INSERT INTO `areas` VALUES ('441908', '石排镇', '0769');
INSERT INTO `areas` VALUES ('441909', '企石镇', '0769');
INSERT INTO `areas` VALUES ('441910', '横沥镇', '0769');
INSERT INTO `areas` VALUES ('441911', '桥头镇', '0769');
INSERT INTO `areas` VALUES ('441912', '谢岗镇', '0769');
INSERT INTO `areas` VALUES ('441913', '东坑镇', '0769');
INSERT INTO `areas` VALUES ('441914', '常平镇', '0769');
INSERT INTO `areas` VALUES ('441915', '寮步镇', '0769');
INSERT INTO `areas` VALUES ('441916', '大朗镇', '0769');
INSERT INTO `areas` VALUES ('441917', '麻涌镇', '0769');
INSERT INTO `areas` VALUES ('441918', '中堂镇', '0769');
INSERT INTO `areas` VALUES ('441919', '高埗镇', '0769');
INSERT INTO `areas` VALUES ('441920', '樟木头镇', '0769');
INSERT INTO `areas` VALUES ('441921', '大岭山镇', '0769');
INSERT INTO `areas` VALUES ('441922', '望牛墩镇', '0769');
INSERT INTO `areas` VALUES ('441923', '黄江镇', '0769');
INSERT INTO `areas` VALUES ('441924', '洪梅镇', '0769');
INSERT INTO `areas` VALUES ('441925', '清溪镇', '0769');
INSERT INTO `areas` VALUES ('441926', '沙田镇', '0769');
INSERT INTO `areas` VALUES ('441927', '道滘镇', '0769');
INSERT INTO `areas` VALUES ('441928', '塘厦镇', '0769');
INSERT INTO `areas` VALUES ('441929', '虎门镇', '0769');
INSERT INTO `areas` VALUES ('441930', '厚街镇', '0769');
INSERT INTO `areas` VALUES ('441931', '凤岗镇', '0769');
INSERT INTO `areas` VALUES ('441932', '长安镇', '0769');
INSERT INTO `areas` VALUES ('442001', '石岐区', '0760');
INSERT INTO `areas` VALUES ('442004', '南区', '0760');
INSERT INTO `areas` VALUES ('442005', '五桂山区', '0760');
INSERT INTO `areas` VALUES ('442006', '火炬开发区', '0760');
INSERT INTO `areas` VALUES ('442007', '黄圃镇', '0760');
INSERT INTO `areas` VALUES ('442008', '南头镇', '0760');
INSERT INTO `areas` VALUES ('442009', '东凤镇', '0760');
INSERT INTO `areas` VALUES ('442010', '阜沙镇', '0760');
INSERT INTO `areas` VALUES ('442011', '小榄镇', '0760');
INSERT INTO `areas` VALUES ('442012', '东升镇', '0760');
INSERT INTO `areas` VALUES ('442013', '古镇镇', '0760');
INSERT INTO `areas` VALUES ('442014', '横栏镇', '0760');
INSERT INTO `areas` VALUES ('442015', '三角镇', '0760');
INSERT INTO `areas` VALUES ('442016', '民众镇', '0760');
INSERT INTO `areas` VALUES ('442017', '南朗镇', '0760');
INSERT INTO `areas` VALUES ('442018', '港口镇', '0760');
INSERT INTO `areas` VALUES ('442019', '大涌镇', '0760');
INSERT INTO `areas` VALUES ('442020', '沙溪镇', '0760');
INSERT INTO `areas` VALUES ('442021', '三乡镇', '0760');
INSERT INTO `areas` VALUES ('442022', '板芙镇', '0760');
INSERT INTO `areas` VALUES ('442023', '神湾镇', '0760');
INSERT INTO `areas` VALUES ('442024', '坦洲镇', '0760');
INSERT INTO `areas` VALUES ('445102', '湘桥区', '0768');
INSERT INTO `areas` VALUES ('445103', '潮安区', '0768');
INSERT INTO `areas` VALUES ('445122', '饶平县', '0768');
INSERT INTO `areas` VALUES ('445202', '榕城区', '0767');
INSERT INTO `areas` VALUES ('445203', '揭东区', '0767');
INSERT INTO `areas` VALUES ('445222', '揭西县', '0767');
INSERT INTO `areas` VALUES ('445224', '惠来县', '0767');
INSERT INTO `areas` VALUES ('445281', '普宁市', '0767');
INSERT INTO `areas` VALUES ('445302', '云城区', '0766');
INSERT INTO `areas` VALUES ('445303', '云安区', '0766');
INSERT INTO `areas` VALUES ('445321', '新兴县', '0766');
INSERT INTO `areas` VALUES ('445322', '郁南县', '0766');
INSERT INTO `areas` VALUES ('445381', '罗定市', '0766');
INSERT INTO `areas` VALUES ('450102', '兴宁区', '0771');
INSERT INTO `areas` VALUES ('450103', '青秀区', '0771');
INSERT INTO `areas` VALUES ('450105', '江南区', '0771');
INSERT INTO `areas` VALUES ('450107', '西乡塘区', '0771');
INSERT INTO `areas` VALUES ('450108', '良庆区', '0771');
INSERT INTO `areas` VALUES ('450109', '邕宁区', '0771');
INSERT INTO `areas` VALUES ('450122', '武鸣县', '0771');
INSERT INTO `areas` VALUES ('450123', '隆安县', '0771');
INSERT INTO `areas` VALUES ('450124', '马山县', '0771');
INSERT INTO `areas` VALUES ('450125', '上林县', '0771');
INSERT INTO `areas` VALUES ('450126', '宾阳县', '0771');
INSERT INTO `areas` VALUES ('450127', '横县', '0771');
INSERT INTO `areas` VALUES ('450128', '埌东新区', '0771');
INSERT INTO `areas` VALUES ('450202', '城中区', '0772');
INSERT INTO `areas` VALUES ('450203', '鱼峰区', '0772');
INSERT INTO `areas` VALUES ('450204', '柳南区', '0772');
INSERT INTO `areas` VALUES ('450205', '柳北区', '0772');
INSERT INTO `areas` VALUES ('450221', '柳江县', '0772');
INSERT INTO `areas` VALUES ('450222', '柳城县', '0772');
INSERT INTO `areas` VALUES ('450223', '鹿寨县', '0772');
INSERT INTO `areas` VALUES ('450224', '融安县', '0772');
INSERT INTO `areas` VALUES ('450225', '融水苗族自治县', '0772');
INSERT INTO `areas` VALUES ('450226', '三江侗族自治县', '0772');
INSERT INTO `areas` VALUES ('450227', '柳东新区', '0772');
INSERT INTO `areas` VALUES ('450302', '秀峰区', '0773');
INSERT INTO `areas` VALUES ('450303', '叠彩区', '0773');
INSERT INTO `areas` VALUES ('450304', '象山区', '0773');
INSERT INTO `areas` VALUES ('450305', '七星区', '0773');
INSERT INTO `areas` VALUES ('450311', '雁山区', '0773');
INSERT INTO `areas` VALUES ('450312', '临桂区', '0773');
INSERT INTO `areas` VALUES ('450321', '阳朔县', '0773');
INSERT INTO `areas` VALUES ('450323', '灵川县', '0773');
INSERT INTO `areas` VALUES ('450324', '全州县', '0773');
INSERT INTO `areas` VALUES ('450325', '兴安县', '0773');
INSERT INTO `areas` VALUES ('450326', '永福县', '0773');
INSERT INTO `areas` VALUES ('450327', '灌阳县', '0773');
INSERT INTO `areas` VALUES ('450328', '龙胜各族自治县', '0773');
INSERT INTO `areas` VALUES ('450329', '资源县', '0773');
INSERT INTO `areas` VALUES ('450330', '平乐县', '0773');
INSERT INTO `areas` VALUES ('450331', '荔浦县', '0773');
INSERT INTO `areas` VALUES ('450332', '恭城瑶族自治县', '0773');
INSERT INTO `areas` VALUES ('450403', '万秀区', '0774');
INSERT INTO `areas` VALUES ('450405', '长洲区', '0774');
INSERT INTO `areas` VALUES ('450406', '龙圩区', '0774');
INSERT INTO `areas` VALUES ('450421', '苍梧县', '0774');
INSERT INTO `areas` VALUES ('450422', '藤县', '0774');
INSERT INTO `areas` VALUES ('450423', '蒙山县', '0774');
INSERT INTO `areas` VALUES ('450481', '岑溪市', '0774');
INSERT INTO `areas` VALUES ('450502', '海城区', '0779');
INSERT INTO `areas` VALUES ('450503', '银海区', '0779');
INSERT INTO `areas` VALUES ('450512', '铁山港区', '0779');
INSERT INTO `areas` VALUES ('450521', '合浦县', '0779');
INSERT INTO `areas` VALUES ('450602', '港口区', '0770');
INSERT INTO `areas` VALUES ('450603', '防城区', '0770');
INSERT INTO `areas` VALUES ('450621', '上思县', '0770');
INSERT INTO `areas` VALUES ('450681', '东兴市', '0770');
INSERT INTO `areas` VALUES ('450702', '钦南区', '0777');
INSERT INTO `areas` VALUES ('450703', '钦北区', '0777');
INSERT INTO `areas` VALUES ('450721', '灵山县', '0777');
INSERT INTO `areas` VALUES ('450722', '浦北县', '0777');
INSERT INTO `areas` VALUES ('450802', '港北区', '0775');
INSERT INTO `areas` VALUES ('450803', '港南区', '0775');
INSERT INTO `areas` VALUES ('450804', '覃塘区', '0775');
INSERT INTO `areas` VALUES ('450821', '平南县', '0775');
INSERT INTO `areas` VALUES ('450881', '桂平市', '0775');
INSERT INTO `areas` VALUES ('450902', '玉州区', '0778');
INSERT INTO `areas` VALUES ('450903', '福绵区', '0778');
INSERT INTO `areas` VALUES ('450904', '玉东新区', '0778');
INSERT INTO `areas` VALUES ('450921', '容县', '0778');
INSERT INTO `areas` VALUES ('450922', '陆川县', '0778');
INSERT INTO `areas` VALUES ('450923', '博白县', '0778');
INSERT INTO `areas` VALUES ('450924', '兴业县', '0778');
INSERT INTO `areas` VALUES ('450981', '北流市', '0778');
INSERT INTO `areas` VALUES ('451002', '右江区', '0776');
INSERT INTO `areas` VALUES ('451021', '田阳县', '0776');
INSERT INTO `areas` VALUES ('451022', '田东县', '0776');
INSERT INTO `areas` VALUES ('451023', '平果县', '0776');
INSERT INTO `areas` VALUES ('451024', '德保县', '0776');
INSERT INTO `areas` VALUES ('451025', '靖西县', '0776');
INSERT INTO `areas` VALUES ('451026', '那坡县', '0776');
INSERT INTO `areas` VALUES ('451027', '凌云县', '0776');
INSERT INTO `areas` VALUES ('451028', '乐业县', '0776');
INSERT INTO `areas` VALUES ('451029', '田林县', '0776');
INSERT INTO `areas` VALUES ('451030', '西林县', '0776');
INSERT INTO `areas` VALUES ('451031', '隆林各族自治县', '0776');
INSERT INTO `areas` VALUES ('451102', '八步区', '0780');
INSERT INTO `areas` VALUES ('451121', '昭平县', '0780');
INSERT INTO `areas` VALUES ('451122', '钟山县', '0780');
INSERT INTO `areas` VALUES ('451123', '富川瑶族自治县', '0780');
INSERT INTO `areas` VALUES ('451124', '平桂管理区', '0780');
INSERT INTO `areas` VALUES ('451202', '金城江区', '0781');
INSERT INTO `areas` VALUES ('451221', '南丹县', '0781');
INSERT INTO `areas` VALUES ('451222', '天峨县', '0781');
INSERT INTO `areas` VALUES ('451223', '凤山县', '0781');
INSERT INTO `areas` VALUES ('451224', '东兰县', '0781');
INSERT INTO `areas` VALUES ('451225', '罗城仫佬族自治县', '0781');
INSERT INTO `areas` VALUES ('451226', '环江毛南族自治县', '0781');
INSERT INTO `areas` VALUES ('451227', '巴马瑶族自治县', '0781');
INSERT INTO `areas` VALUES ('451228', '都安瑶族自治县', '0781');
INSERT INTO `areas` VALUES ('451229', '大化瑶族自治县', '0781');
INSERT INTO `areas` VALUES ('451281', '宜州市', '0781');
INSERT INTO `areas` VALUES ('451302', '兴宾区', '0782');
INSERT INTO `areas` VALUES ('451321', '忻城县', '0782');
INSERT INTO `areas` VALUES ('451322', '象州县', '0782');
INSERT INTO `areas` VALUES ('451323', '武宣县', '0782');
INSERT INTO `areas` VALUES ('451324', '金秀瑶族自治县', '0782');
INSERT INTO `areas` VALUES ('451381', '合山市', '0782');
INSERT INTO `areas` VALUES ('451402', '江州区', '0783');
INSERT INTO `areas` VALUES ('451421', '扶绥县', '0783');
INSERT INTO `areas` VALUES ('451422', '宁明县', '0783');
INSERT INTO `areas` VALUES ('451423', '龙州县', '0783');
INSERT INTO `areas` VALUES ('451424', '大新县', '0783');
INSERT INTO `areas` VALUES ('451425', '天等县', '0783');
INSERT INTO `areas` VALUES ('451481', '凭祥市', '0783');
INSERT INTO `areas` VALUES ('460105', '秀英区', '0898');
INSERT INTO `areas` VALUES ('460106', '龙华区', '0898');
INSERT INTO `areas` VALUES ('460107', '琼山区', '0898');
INSERT INTO `areas` VALUES ('460108', '美兰区', '0898');
INSERT INTO `areas` VALUES ('460202', '海棠区', '0899');
INSERT INTO `areas` VALUES ('460203', '吉阳区', '0899');
INSERT INTO `areas` VALUES ('460204', '天涯区', '0899');
INSERT INTO `areas` VALUES ('460205', '崖州区', '0899');
INSERT INTO `areas` VALUES ('460321', '西沙群岛', '0890');
INSERT INTO `areas` VALUES ('460322', '南沙群岛', '0890');
INSERT INTO `areas` VALUES ('460323', '中沙群岛', '0890');
INSERT INTO `areas` VALUES ('469001', '五指山市', '0891');
INSERT INTO `areas` VALUES ('469002', '琼海市', '0891');
INSERT INTO `areas` VALUES ('469003', '儋州市', '0891');
INSERT INTO `areas` VALUES ('469005', '文昌市', '0891');
INSERT INTO `areas` VALUES ('469006', '万宁市', '0891');
INSERT INTO `areas` VALUES ('469007', '东方市', '0891');
INSERT INTO `areas` VALUES ('469021', '定安县', '0891');
INSERT INTO `areas` VALUES ('469022', '屯昌县', '0891');
INSERT INTO `areas` VALUES ('469023', '澄迈县', '0891');
INSERT INTO `areas` VALUES ('469024', '临高县', '0891');
INSERT INTO `areas` VALUES ('469025', '白沙黎族自治县', '0891');
INSERT INTO `areas` VALUES ('469026', '昌江黎族自治县', '0891');
INSERT INTO `areas` VALUES ('469027', '乐东黎族自治县', '0891');
INSERT INTO `areas` VALUES ('469028', '陵水黎族自治县', '0891');
INSERT INTO `areas` VALUES ('469029', '保亭黎族苗族自治县', '0891');
INSERT INTO `areas` VALUES ('469030', '琼中黎族苗族自治县', '0891');
INSERT INTO `areas` VALUES ('500101', '万州区', '023');
INSERT INTO `areas` VALUES ('500102', '涪陵区', '023');
INSERT INTO `areas` VALUES ('500103', '渝中区', '023');
INSERT INTO `areas` VALUES ('500104', '大渡口区', '023');
INSERT INTO `areas` VALUES ('500105', '江北区', '023');
INSERT INTO `areas` VALUES ('500106', '沙坪坝区', '023');
INSERT INTO `areas` VALUES ('500107', '九龙坡区', '023');
INSERT INTO `areas` VALUES ('500108', '南岸区', '023');
INSERT INTO `areas` VALUES ('500109', '北碚区', '023');
INSERT INTO `areas` VALUES ('500110', '綦江区', '023');
INSERT INTO `areas` VALUES ('500111', '大足区', '023');
INSERT INTO `areas` VALUES ('500112', '渝北区', '023');
INSERT INTO `areas` VALUES ('500113', '巴南区', '023');
INSERT INTO `areas` VALUES ('500114', '黔江区', '023');
INSERT INTO `areas` VALUES ('500115', '长寿区', '023');
INSERT INTO `areas` VALUES ('500116', '江津区', '023');
INSERT INTO `areas` VALUES ('500117', '合川区', '023');
INSERT INTO `areas` VALUES ('500118', '永川区', '023');
INSERT INTO `areas` VALUES ('500119', '南川区', '023');
INSERT INTO `areas` VALUES ('500120', '璧山区', '023');
INSERT INTO `areas` VALUES ('500151', '铜梁区', '023');
INSERT INTO `areas` VALUES ('500223', '潼南县', '023');
INSERT INTO `areas` VALUES ('500226', '荣昌县', '023');
INSERT INTO `areas` VALUES ('500228', '梁平县', '023');
INSERT INTO `areas` VALUES ('500229', '城口县', '023');
INSERT INTO `areas` VALUES ('500230', '丰都县', '023');
INSERT INTO `areas` VALUES ('500231', '垫江县', '023');
INSERT INTO `areas` VALUES ('500232', '武隆县', '023');
INSERT INTO `areas` VALUES ('500233', '忠县', '023');
INSERT INTO `areas` VALUES ('500234', '开县', '023');
INSERT INTO `areas` VALUES ('500235', '云阳县', '023');
INSERT INTO `areas` VALUES ('500236', '奉节县', '023');
INSERT INTO `areas` VALUES ('500237', '巫山县', '023');
INSERT INTO `areas` VALUES ('500238', '巫溪县', '023');
INSERT INTO `areas` VALUES ('500240', '石柱土家族自治县', '023');
INSERT INTO `areas` VALUES ('500241', '秀山土家族苗族自治县', '023');
INSERT INTO `areas` VALUES ('500242', '酉阳土家族苗族自治县', '023');
INSERT INTO `areas` VALUES ('500243', '彭水苗族土家族自治县', '023');
INSERT INTO `areas` VALUES ('500301', '北部新区', '023');
INSERT INTO `areas` VALUES ('500302', '保税港区', '023');
INSERT INTO `areas` VALUES ('500303', '工业园区', '023');
INSERT INTO `areas` VALUES ('510104', '锦江区', '028');
INSERT INTO `areas` VALUES ('510105', '青羊区', '028');
INSERT INTO `areas` VALUES ('510106', '金牛区', '028');
INSERT INTO `areas` VALUES ('510107', '武侯区', '028');
INSERT INTO `areas` VALUES ('510108', '成华区', '028');
INSERT INTO `areas` VALUES ('510112', '龙泉驿区', '028');
INSERT INTO `areas` VALUES ('510113', '青白江区', '028');
INSERT INTO `areas` VALUES ('510114', '新都区', '028');
INSERT INTO `areas` VALUES ('510115', '温江区', '028');
INSERT INTO `areas` VALUES ('510121', '金堂县', '028');
INSERT INTO `areas` VALUES ('510122', '双流县', '028');
INSERT INTO `areas` VALUES ('510124', '郫县', '028');
INSERT INTO `areas` VALUES ('510129', '大邑县', '028');
INSERT INTO `areas` VALUES ('510131', '蒲江县', '028');
INSERT INTO `areas` VALUES ('510132', '新津县', '028');
INSERT INTO `areas` VALUES ('510181', '都江堰市', '028');
INSERT INTO `areas` VALUES ('510182', '彭州市', '028');
INSERT INTO `areas` VALUES ('510183', '邛崃市', '028');
INSERT INTO `areas` VALUES ('510184', '崇州市', '028');
INSERT INTO `areas` VALUES ('510302', '自流井区', '0813');
INSERT INTO `areas` VALUES ('510303', '贡井区', '0813');
INSERT INTO `areas` VALUES ('510304', '大安区', '0813');
INSERT INTO `areas` VALUES ('510311', '沿滩区', '0813');
INSERT INTO `areas` VALUES ('510321', '荣县', '0813');
INSERT INTO `areas` VALUES ('510322', '富顺县', '0813');
INSERT INTO `areas` VALUES ('510402', '东区', '0812');
INSERT INTO `areas` VALUES ('510403', '西区', '0812');
INSERT INTO `areas` VALUES ('510411', '仁和区', '0812');
INSERT INTO `areas` VALUES ('510421', '米易县', '0812');
INSERT INTO `areas` VALUES ('510422', '盐边县', '0812');
INSERT INTO `areas` VALUES ('510502', '江阳区', '0830');
INSERT INTO `areas` VALUES ('510503', '纳溪区', '0830');
INSERT INTO `areas` VALUES ('510504', '龙马潭区', '0830');
INSERT INTO `areas` VALUES ('510521', '泸县', '0830');
INSERT INTO `areas` VALUES ('510522', '合江县', '0830');
INSERT INTO `areas` VALUES ('510524', '叙永县', '0830');
INSERT INTO `areas` VALUES ('510525', '古蔺县', '0830');
INSERT INTO `areas` VALUES ('510603', '旌阳区', '0838');
INSERT INTO `areas` VALUES ('510623', '中江县', '0838');
INSERT INTO `areas` VALUES ('510626', '罗江县', '0838');
INSERT INTO `areas` VALUES ('510681', '广汉市', '0838');
INSERT INTO `areas` VALUES ('510682', '什邡市', '0838');
INSERT INTO `areas` VALUES ('510683', '绵竹市', '0838');
INSERT INTO `areas` VALUES ('510703', '涪城区', '0816');
INSERT INTO `areas` VALUES ('510704', '游仙区', '0816');
INSERT INTO `areas` VALUES ('510722', '三台县', '0816');
INSERT INTO `areas` VALUES ('510723', '盐亭县', '0816');
INSERT INTO `areas` VALUES ('510724', '安县', '0816');
INSERT INTO `areas` VALUES ('510725', '梓潼县', '0816');
INSERT INTO `areas` VALUES ('510726', '北川羌族自治县', '0816');
INSERT INTO `areas` VALUES ('510727', '平武县', '0816');
INSERT INTO `areas` VALUES ('510781', '江油市', '0816');
INSERT INTO `areas` VALUES ('510802', '利州区', '0839');
INSERT INTO `areas` VALUES ('510811', '昭化区', '0839');
INSERT INTO `areas` VALUES ('510812', '朝天区', '0839');
INSERT INTO `areas` VALUES ('510821', '旺苍县', '0839');
INSERT INTO `areas` VALUES ('510822', '青川县', '0839');
INSERT INTO `areas` VALUES ('510823', '剑阁县', '0839');
INSERT INTO `areas` VALUES ('510824', '苍溪县', '0839');
INSERT INTO `areas` VALUES ('510903', '船山区', '0825');
INSERT INTO `areas` VALUES ('510904', '安居区', '0825');
INSERT INTO `areas` VALUES ('510921', '蓬溪县', '0825');
INSERT INTO `areas` VALUES ('510922', '射洪县', '0825');
INSERT INTO `areas` VALUES ('510923', '大英县', '0825');
INSERT INTO `areas` VALUES ('511002', '市中区', '0832');
INSERT INTO `areas` VALUES ('511011', '东兴区', '0832');
INSERT INTO `areas` VALUES ('511024', '威远县', '0832');
INSERT INTO `areas` VALUES ('511025', '资中县', '0832');
INSERT INTO `areas` VALUES ('511028', '隆昌县', '0832');
INSERT INTO `areas` VALUES ('511102', '市中区', '0833');
INSERT INTO `areas` VALUES ('511111', '沙湾区', '0833');
INSERT INTO `areas` VALUES ('511112', '五通桥区', '0833');
INSERT INTO `areas` VALUES ('511113', '金口河区', '0833');
INSERT INTO `areas` VALUES ('511123', '犍为县', '0833');
INSERT INTO `areas` VALUES ('511124', '井研县', '0833');
INSERT INTO `areas` VALUES ('511126', '夹江县', '0833');
INSERT INTO `areas` VALUES ('511129', '沐川县', '0833');
INSERT INTO `areas` VALUES ('511132', '峨边彝族自治县', '0833');
INSERT INTO `areas` VALUES ('511133', '马边彝族自治县', '0833');
INSERT INTO `areas` VALUES ('511181', '峨眉山市', '0833');
INSERT INTO `areas` VALUES ('511302', '顺庆区', '0817');
INSERT INTO `areas` VALUES ('511303', '高坪区', '0817');
INSERT INTO `areas` VALUES ('511304', '嘉陵区', '0817');
INSERT INTO `areas` VALUES ('511321', '南部县', '0817');
INSERT INTO `areas` VALUES ('511322', '营山县', '0817');
INSERT INTO `areas` VALUES ('511323', '蓬安县', '0817');
INSERT INTO `areas` VALUES ('511324', '仪陇县', '0817');
INSERT INTO `areas` VALUES ('511325', '西充县', '0817');
INSERT INTO `areas` VALUES ('511381', '阆中市', '0817');
INSERT INTO `areas` VALUES ('511402', '东坡区', '0818');
INSERT INTO `areas` VALUES ('511403', '彭山区', '0818');
INSERT INTO `areas` VALUES ('511421', '仁寿县', '0818');
INSERT INTO `areas` VALUES ('511423', '洪雅县', '0818');
INSERT INTO `areas` VALUES ('511424', '丹棱县', '0818');
INSERT INTO `areas` VALUES ('511425', '青神县', '0818');
INSERT INTO `areas` VALUES ('511502', '翠屏区', '0831');
INSERT INTO `areas` VALUES ('511503', '南溪区', '0831');
INSERT INTO `areas` VALUES ('511521', '宜宾县', '0831');
INSERT INTO `areas` VALUES ('511523', '江安县', '0831');
INSERT INTO `areas` VALUES ('511524', '长宁县', '0831');
INSERT INTO `areas` VALUES ('511525', '高县', '0831');
INSERT INTO `areas` VALUES ('511526', '珙县', '0831');
INSERT INTO `areas` VALUES ('511527', '筠连县', '0831');
INSERT INTO `areas` VALUES ('511528', '兴文县', '0831');
INSERT INTO `areas` VALUES ('511529', '屏山县', '0831');
INSERT INTO `areas` VALUES ('511602', '广安区', '0826');
INSERT INTO `areas` VALUES ('511603', '前锋区', '0826');
INSERT INTO `areas` VALUES ('511621', '岳池县', '0826');
INSERT INTO `areas` VALUES ('511622', '武胜县', '0826');
INSERT INTO `areas` VALUES ('511623', '邻水县', '0826');
INSERT INTO `areas` VALUES ('511681', '华蓥市', '0826');
INSERT INTO `areas` VALUES ('511702', '通川区', '0827');
INSERT INTO `areas` VALUES ('511703', '达川区', '0827');
INSERT INTO `areas` VALUES ('511722', '宣汉县', '0827');
INSERT INTO `areas` VALUES ('511723', '开江县', '0827');
INSERT INTO `areas` VALUES ('511724', '大竹县', '0827');
INSERT INTO `areas` VALUES ('511725', '渠县', '0827');
INSERT INTO `areas` VALUES ('511781', '万源市', '0827');
INSERT INTO `areas` VALUES ('511802', '雨城区', '0835');
INSERT INTO `areas` VALUES ('511803', '名山区', '0835');
INSERT INTO `areas` VALUES ('511822', '荥经县', '0835');
INSERT INTO `areas` VALUES ('511823', '汉源县', '0835');
INSERT INTO `areas` VALUES ('511824', '石棉县', '0835');
INSERT INTO `areas` VALUES ('511825', '天全县', '0835');
INSERT INTO `areas` VALUES ('511826', '芦山县', '0835');
INSERT INTO `areas` VALUES ('511827', '宝兴县', '0835');
INSERT INTO `areas` VALUES ('511902', '巴州区', '0836');
INSERT INTO `areas` VALUES ('511903', '恩阳区', '0836');
INSERT INTO `areas` VALUES ('511921', '通江县', '0836');
INSERT INTO `areas` VALUES ('511922', '南江县', '0836');
INSERT INTO `areas` VALUES ('511923', '平昌县', '0836');
INSERT INTO `areas` VALUES ('512002', '雁江区', '0840');
INSERT INTO `areas` VALUES ('512021', '安岳县', '0840');
INSERT INTO `areas` VALUES ('512022', '乐至县', '0840');
INSERT INTO `areas` VALUES ('512081', '简阳市', '0840');
INSERT INTO `areas` VALUES ('513221', '汶川县', '0837');
INSERT INTO `areas` VALUES ('513222', '理县', '0837');
INSERT INTO `areas` VALUES ('513223', '茂县', '0837');
INSERT INTO `areas` VALUES ('513224', '松潘县', '0837');
INSERT INTO `areas` VALUES ('513225', '九寨沟县', '0837');
INSERT INTO `areas` VALUES ('513226', '金川县', '0837');
INSERT INTO `areas` VALUES ('513227', '小金县', '0837');
INSERT INTO `areas` VALUES ('513228', '黑水县', '0837');
INSERT INTO `areas` VALUES ('513229', '马尔康县', '0837');
INSERT INTO `areas` VALUES ('513230', '壤塘县', '0837');
INSERT INTO `areas` VALUES ('513231', '阿坝县', '0837');
INSERT INTO `areas` VALUES ('513232', '若尔盖县', '0837');
INSERT INTO `areas` VALUES ('513233', '红原县', '0837');
INSERT INTO `areas` VALUES ('513321', '康定县', '0841');
INSERT INTO `areas` VALUES ('513322', '泸定县', '0841');
INSERT INTO `areas` VALUES ('513323', '丹巴县', '0841');
INSERT INTO `areas` VALUES ('513324', '九龙县', '0841');
INSERT INTO `areas` VALUES ('513325', '雅江县', '0841');
INSERT INTO `areas` VALUES ('513326', '道孚县', '0841');
INSERT INTO `areas` VALUES ('513327', '炉霍县', '0841');
INSERT INTO `areas` VALUES ('513328', '甘孜县', '0841');
INSERT INTO `areas` VALUES ('513329', '新龙县', '0841');
INSERT INTO `areas` VALUES ('513330', '德格县', '0841');
INSERT INTO `areas` VALUES ('513331', '白玉县', '0841');
INSERT INTO `areas` VALUES ('513332', '石渠县', '0841');
INSERT INTO `areas` VALUES ('513333', '色达县', '0841');
INSERT INTO `areas` VALUES ('513334', '理塘县', '0841');
INSERT INTO `areas` VALUES ('513335', '巴塘县', '0841');
INSERT INTO `areas` VALUES ('513336', '乡城县', '0841');
INSERT INTO `areas` VALUES ('513337', '稻城县', '0841');
INSERT INTO `areas` VALUES ('513338', '得荣县', '0841');
INSERT INTO `areas` VALUES ('513401', '西昌市', '0842');
INSERT INTO `areas` VALUES ('513422', '木里藏族自治县', '0842');
INSERT INTO `areas` VALUES ('513423', '盐源县', '0842');
INSERT INTO `areas` VALUES ('513424', '德昌县', '0842');
INSERT INTO `areas` VALUES ('513425', '会理县', '0842');
INSERT INTO `areas` VALUES ('513426', '会东县', '0842');
INSERT INTO `areas` VALUES ('513427', '宁南县', '0842');
INSERT INTO `areas` VALUES ('513428', '普格县', '0842');
INSERT INTO `areas` VALUES ('513429', '布拖县', '0842');
INSERT INTO `areas` VALUES ('513430', '金阳县', '0842');
INSERT INTO `areas` VALUES ('513431', '昭觉县', '0842');
INSERT INTO `areas` VALUES ('513432', '喜德县', '0842');
INSERT INTO `areas` VALUES ('513433', '冕宁县', '0842');
INSERT INTO `areas` VALUES ('513434', '越西县', '0842');
INSERT INTO `areas` VALUES ('513435', '甘洛县', '0842');
INSERT INTO `areas` VALUES ('513436', '美姑县', '0842');
INSERT INTO `areas` VALUES ('513437', '雷波县', '0842');
INSERT INTO `areas` VALUES ('520102', '南明区', '0851');
INSERT INTO `areas` VALUES ('520103', '云岩区', '0851');
INSERT INTO `areas` VALUES ('520111', '花溪区', '0851');
INSERT INTO `areas` VALUES ('520112', '乌当区', '0851');
INSERT INTO `areas` VALUES ('520113', '白云区', '0851');
INSERT INTO `areas` VALUES ('520115', '观山湖区', '0851');
INSERT INTO `areas` VALUES ('520121', '开阳县', '0851');
INSERT INTO `areas` VALUES ('520122', '息烽县', '0851');
INSERT INTO `areas` VALUES ('520123', '修文县', '0851');
INSERT INTO `areas` VALUES ('520181', '清镇市', '0851');
INSERT INTO `areas` VALUES ('520201', '钟山区', '0858');
INSERT INTO `areas` VALUES ('520203', '六枝特区', '0858');
INSERT INTO `areas` VALUES ('520221', '水城县', '0858');
INSERT INTO `areas` VALUES ('520222', '盘县', '0858');
INSERT INTO `areas` VALUES ('520302', '红花岗区', '0852');
INSERT INTO `areas` VALUES ('520303', '汇川区', '0852');
INSERT INTO `areas` VALUES ('520321', '遵义县', '0852');
INSERT INTO `areas` VALUES ('520322', '桐梓县', '0852');
INSERT INTO `areas` VALUES ('520323', '绥阳县', '0852');
INSERT INTO `areas` VALUES ('520324', '正安县', '0852');
INSERT INTO `areas` VALUES ('520325', '道真仡佬族苗族自治县', '0852');
INSERT INTO `areas` VALUES ('520326', '务川仡佬族苗族自治县', '0852');
INSERT INTO `areas` VALUES ('520327', '凤冈县', '0852');
INSERT INTO `areas` VALUES ('520328', '湄潭县', '0852');
INSERT INTO `areas` VALUES ('520329', '余庆县', '0852');
INSERT INTO `areas` VALUES ('520330', '习水县', '0852');
INSERT INTO `areas` VALUES ('520381', '赤水市', '0852');
INSERT INTO `areas` VALUES ('520382', '仁怀市', '0852');
INSERT INTO `areas` VALUES ('520402', '西秀区', '0853');
INSERT INTO `areas` VALUES ('520421', '平坝区', '0853');
INSERT INTO `areas` VALUES ('520422', '普定县', '0853');
INSERT INTO `areas` VALUES ('520423', '镇宁布依族苗族自治县', '0853');
INSERT INTO `areas` VALUES ('520424', '关岭布依族苗族自治县', '0853');
INSERT INTO `areas` VALUES ('520425', '紫云苗族布依族自治县', '0853');
INSERT INTO `areas` VALUES ('520502', '七星关区', '0857');
INSERT INTO `areas` VALUES ('520521', '大方县', '0857');
INSERT INTO `areas` VALUES ('520522', '黔西县', '0857');
INSERT INTO `areas` VALUES ('520523', '金沙县', '0857');
INSERT INTO `areas` VALUES ('520524', '织金县', '0857');
INSERT INTO `areas` VALUES ('520525', '纳雍县', '0857');
INSERT INTO `areas` VALUES ('520526', '威宁彝族回族苗族自治县', '0857');
INSERT INTO `areas` VALUES ('520527', '赫章县', '0857');
INSERT INTO `areas` VALUES ('520602', '碧江区', '0856');
INSERT INTO `areas` VALUES ('520603', '万山区', '0856');
INSERT INTO `areas` VALUES ('520621', '江口县', '0856');
INSERT INTO `areas` VALUES ('520622', '玉屏侗族自治县', '0856');
INSERT INTO `areas` VALUES ('520623', '石阡县', '0856');
INSERT INTO `areas` VALUES ('520624', '思南县', '0856');
INSERT INTO `areas` VALUES ('520625', '印江土家族苗族自治县', '0856');
INSERT INTO `areas` VALUES ('520626', '德江县', '0856');
INSERT INTO `areas` VALUES ('520627', '沿河土家族自治县', '0856');
INSERT INTO `areas` VALUES ('520628', '松桃苗族自治县', '0856');
INSERT INTO `areas` VALUES ('522301', '兴义市 ', '0859');
INSERT INTO `areas` VALUES ('522322', '兴仁县', '0859');
INSERT INTO `areas` VALUES ('522323', '普安县', '0859');
INSERT INTO `areas` VALUES ('522324', '晴隆县', '0859');
INSERT INTO `areas` VALUES ('522325', '贞丰县', '0859');
INSERT INTO `areas` VALUES ('522326', '望谟县', '0859');
INSERT INTO `areas` VALUES ('522327', '册亨县', '0859');
INSERT INTO `areas` VALUES ('522328', '安龙县', '0859');
INSERT INTO `areas` VALUES ('522601', '凯里市', '0855');
INSERT INTO `areas` VALUES ('522622', '黄平县', '0855');
INSERT INTO `areas` VALUES ('522623', '施秉县', '0855');
INSERT INTO `areas` VALUES ('522624', '三穗县', '0855');
INSERT INTO `areas` VALUES ('522625', '镇远县', '0855');
INSERT INTO `areas` VALUES ('522626', '岑巩县', '0855');
INSERT INTO `areas` VALUES ('522627', '天柱县', '0855');
INSERT INTO `areas` VALUES ('522628', '锦屏县', '0855');
INSERT INTO `areas` VALUES ('522629', '剑河县', '0855');
INSERT INTO `areas` VALUES ('522630', '台江县', '0855');
INSERT INTO `areas` VALUES ('522631', '黎平县', '0855');
INSERT INTO `areas` VALUES ('522632', '榕江县', '0855');
INSERT INTO `areas` VALUES ('522633', '从江县', '0855');
INSERT INTO `areas` VALUES ('522634', '雷山县', '0855');
INSERT INTO `areas` VALUES ('522635', '麻江县', '0855');
INSERT INTO `areas` VALUES ('522636', '丹寨县', '0855');
INSERT INTO `areas` VALUES ('522701', '都匀市', '0854');
INSERT INTO `areas` VALUES ('522702', '福泉市', '0854');
INSERT INTO `areas` VALUES ('522722', '荔波县', '0854');
INSERT INTO `areas` VALUES ('522723', '贵定县', '0854');
INSERT INTO `areas` VALUES ('522725', '瓮安县', '0854');
INSERT INTO `areas` VALUES ('522726', '独山县', '0854');
INSERT INTO `areas` VALUES ('522727', '平塘县', '0854');
INSERT INTO `areas` VALUES ('522728', '罗甸县', '0854');
INSERT INTO `areas` VALUES ('522729', '长顺县', '0854');
INSERT INTO `areas` VALUES ('522730', '龙里县', '0854');
INSERT INTO `areas` VALUES ('522731', '惠水县', '0854');
INSERT INTO `areas` VALUES ('522732', '三都水族自治县', '0854');
INSERT INTO `areas` VALUES ('530102', '五华区', '0871');
INSERT INTO `areas` VALUES ('530103', '盘龙区', '0871');
INSERT INTO `areas` VALUES ('530111', '官渡区', '0871');
INSERT INTO `areas` VALUES ('530112', '西山区', '0871');
INSERT INTO `areas` VALUES ('530113', '东川区', '0871');
INSERT INTO `areas` VALUES ('530114', '呈贡区', '0871');
INSERT INTO `areas` VALUES ('530122', '晋宁县', '0871');
INSERT INTO `areas` VALUES ('530124', '富民县', '0871');
INSERT INTO `areas` VALUES ('530125', '宜良县', '0871');
INSERT INTO `areas` VALUES ('530126', '石林彝族自治县', '0871');
INSERT INTO `areas` VALUES ('530127', '嵩明县', '0871');
INSERT INTO `areas` VALUES ('530128', '禄劝彝族苗族自治县', '0871');
INSERT INTO `areas` VALUES ('530129', '寻甸回族彝族自治县 ', '0871');
INSERT INTO `areas` VALUES ('530181', '安宁市', '0871');
INSERT INTO `areas` VALUES ('530302', '麒麟区', '0874');
INSERT INTO `areas` VALUES ('530321', '马龙县', '0874');
INSERT INTO `areas` VALUES ('530322', '陆良县', '0874');
INSERT INTO `areas` VALUES ('530323', '师宗县', '0874');
INSERT INTO `areas` VALUES ('530324', '罗平县', '0874');
INSERT INTO `areas` VALUES ('530325', '富源县', '0874');
INSERT INTO `areas` VALUES ('530326', '会泽县', '0874');
INSERT INTO `areas` VALUES ('530328', '沾益县', '0874');
INSERT INTO `areas` VALUES ('530381', '宣威市', '0874');
INSERT INTO `areas` VALUES ('530402', '红塔区', '0877');
INSERT INTO `areas` VALUES ('530421', '江川县', '0877');
INSERT INTO `areas` VALUES ('530422', '澄江县', '0877');
INSERT INTO `areas` VALUES ('530423', '通海县', '0877');
INSERT INTO `areas` VALUES ('530424', '华宁县', '0877');
INSERT INTO `areas` VALUES ('530425', '易门县', '0877');
INSERT INTO `areas` VALUES ('530426', '峨山彝族自治县', '0877');
INSERT INTO `areas` VALUES ('530427', '新平彝族傣族自治县', '0877');
INSERT INTO `areas` VALUES ('530428', '元江哈尼族彝族傣族自治县', '0877');
INSERT INTO `areas` VALUES ('530502', '隆阳区', '0875');
INSERT INTO `areas` VALUES ('530521', '施甸县', '0875');
INSERT INTO `areas` VALUES ('530522', '腾冲县', '0875');
INSERT INTO `areas` VALUES ('530523', '龙陵县', '0875');
INSERT INTO `areas` VALUES ('530524', '昌宁县', '0875');
INSERT INTO `areas` VALUES ('530602', '昭阳区', '0870');
INSERT INTO `areas` VALUES ('530621', '鲁甸县', '0870');
INSERT INTO `areas` VALUES ('530622', '巧家县', '0870');
INSERT INTO `areas` VALUES ('530623', '盐津县', '0870');
INSERT INTO `areas` VALUES ('530624', '大关县', '0870');
INSERT INTO `areas` VALUES ('530625', '永善县', '0870');
INSERT INTO `areas` VALUES ('530626', '绥江县', '0870');
INSERT INTO `areas` VALUES ('530627', '镇雄县', '0870');
INSERT INTO `areas` VALUES ('530628', '彝良县', '0870');
INSERT INTO `areas` VALUES ('530629', '威信县', '0870');
INSERT INTO `areas` VALUES ('530630', '水富县', '0870');
INSERT INTO `areas` VALUES ('530702', '古城区', '0888');
INSERT INTO `areas` VALUES ('530721', '玉龙纳西族自治县', '0888');
INSERT INTO `areas` VALUES ('530722', '永胜县', '0888');
INSERT INTO `areas` VALUES ('530723', '华坪县', '0888');
INSERT INTO `areas` VALUES ('530724', '宁蒗彝族自治县', '0888');
INSERT INTO `areas` VALUES ('530802', '思茅区', '0879');
INSERT INTO `areas` VALUES ('530821', '宁洱哈尼族彝族自治县', '0879');
INSERT INTO `areas` VALUES ('530822', '墨江哈尼族自治县', '0879');
INSERT INTO `areas` VALUES ('530823', '景东彝族自治县', '0879');
INSERT INTO `areas` VALUES ('530824', '景谷傣族彝族自治县', '0879');
INSERT INTO `areas` VALUES ('530825', '镇沅彝族哈尼族拉祜族自治县', '0879');
INSERT INTO `areas` VALUES ('530826', '江城哈尼族彝族自治县', '0879');
INSERT INTO `areas` VALUES ('530827', '孟连傣族拉祜族佤族自治县', '0879');
INSERT INTO `areas` VALUES ('530828', '澜沧拉祜族自治县', '0879');
INSERT INTO `areas` VALUES ('530829', '西盟佤族自治县', '0879');
INSERT INTO `areas` VALUES ('530902', '临翔区', '0883');
INSERT INTO `areas` VALUES ('530921', '凤庆县', '0883');
INSERT INTO `areas` VALUES ('530922', '云县', '0883');
INSERT INTO `areas` VALUES ('530923', '永德县', '0883');
INSERT INTO `areas` VALUES ('530924', '镇康县', '0883');
INSERT INTO `areas` VALUES ('530925', '双江拉祜族佤族布朗族傣族自治县', '0883');
INSERT INTO `areas` VALUES ('530926', '耿马傣族佤族自治县', '0883');
INSERT INTO `areas` VALUES ('530927', '沧源佤族自治县', '0883');
INSERT INTO `areas` VALUES ('532301', '楚雄市', '0878');
INSERT INTO `areas` VALUES ('532322', '双柏县', '0878');
INSERT INTO `areas` VALUES ('532323', '牟定县', '0878');
INSERT INTO `areas` VALUES ('532324', '南华县', '0878');
INSERT INTO `areas` VALUES ('532325', '姚安县', '0878');
INSERT INTO `areas` VALUES ('532326', '大姚县', '0878');
INSERT INTO `areas` VALUES ('532327', '永仁县', '0878');
INSERT INTO `areas` VALUES ('532328', '元谋县', '0878');
INSERT INTO `areas` VALUES ('532329', '武定县', '0878');
INSERT INTO `areas` VALUES ('532331', '禄丰县', '0878');
INSERT INTO `areas` VALUES ('532501', '个旧市', '0873');
INSERT INTO `areas` VALUES ('532502', '开远市', '0873');
INSERT INTO `areas` VALUES ('532503', '蒙自市', '0873');
INSERT INTO `areas` VALUES ('532504', '弥勒市', '0873');
INSERT INTO `areas` VALUES ('532523', '屏边苗族自治县', '0873');
INSERT INTO `areas` VALUES ('532524', '建水县', '0873');
INSERT INTO `areas` VALUES ('532525', '石屏县', '0873');
INSERT INTO `areas` VALUES ('532527', '泸西县', '0873');
INSERT INTO `areas` VALUES ('532528', '元阳县', '0873');
INSERT INTO `areas` VALUES ('532529', '红河县', '0873');
INSERT INTO `areas` VALUES ('532530', '金平苗族瑶族傣族自治县', '0873');
INSERT INTO `areas` VALUES ('532531', '绿春县', '0873');
INSERT INTO `areas` VALUES ('532532', '河口瑶族自治县', '0873');
INSERT INTO `areas` VALUES ('532601', '文山市', '0876');
INSERT INTO `areas` VALUES ('532622', '砚山县', '0876');
INSERT INTO `areas` VALUES ('532623', '西畴县', '0876');
INSERT INTO `areas` VALUES ('532624', '麻栗坡县', '0876');
INSERT INTO `areas` VALUES ('532625', '马关县', '0876');
INSERT INTO `areas` VALUES ('532626', '丘北县', '0876');
INSERT INTO `areas` VALUES ('532627', '广南县', '0876');
INSERT INTO `areas` VALUES ('532628', '富宁县', '0876');
INSERT INTO `areas` VALUES ('532801', '景洪市', '0691');
INSERT INTO `areas` VALUES ('532822', '勐海县', '0691');
INSERT INTO `areas` VALUES ('532823', '勐腊县', '0691');
INSERT INTO `areas` VALUES ('532901', '大理市', '0872');
INSERT INTO `areas` VALUES ('532922', '漾濞彝族自治县', '0872');
INSERT INTO `areas` VALUES ('532923', '祥云县', '0872');
INSERT INTO `areas` VALUES ('532924', '宾川县', '0872');
INSERT INTO `areas` VALUES ('532925', '弥渡县', '0872');
INSERT INTO `areas` VALUES ('532926', '南涧彝族自治县', '0872');
INSERT INTO `areas` VALUES ('532927', '巍山彝族回族自治县', '0872');
INSERT INTO `areas` VALUES ('532928', '永平县', '0872');
INSERT INTO `areas` VALUES ('532929', '云龙县', '0872');
INSERT INTO `areas` VALUES ('532930', '洱源县', '0872');
INSERT INTO `areas` VALUES ('532931', '剑川县', '0872');
INSERT INTO `areas` VALUES ('532932', '鹤庆县', '0872');
INSERT INTO `areas` VALUES ('533102', '瑞丽市', '0692');
INSERT INTO `areas` VALUES ('533103', '芒市', '0692');
INSERT INTO `areas` VALUES ('533122', '梁河县', '0692');
INSERT INTO `areas` VALUES ('533123', '盈江县', '0692');
INSERT INTO `areas` VALUES ('533124', '陇川县', '0692');
INSERT INTO `areas` VALUES ('533321', '泸水县', '0886');
INSERT INTO `areas` VALUES ('533323', '福贡县', '0886');
INSERT INTO `areas` VALUES ('533324', '贡山独龙族怒族自治县', '0886');
INSERT INTO `areas` VALUES ('533325', '兰坪白族普米族自治县', '0886');
INSERT INTO `areas` VALUES ('533421', '香格里拉市', '0887');
INSERT INTO `areas` VALUES ('533422', '德钦县', '0887');
INSERT INTO `areas` VALUES ('533423', '维西傈僳族自治县', '0887');
INSERT INTO `areas` VALUES ('540102', '城关区', '0991');
INSERT INTO `areas` VALUES ('540121', '林周县', '0991');
INSERT INTO `areas` VALUES ('540122', '当雄县', '0991');
INSERT INTO `areas` VALUES ('540123', '尼木县', '0991');
INSERT INTO `areas` VALUES ('540124', '曲水县', '0991');
INSERT INTO `areas` VALUES ('540125', '堆龙德庆县', '0991');
INSERT INTO `areas` VALUES ('540126', '达孜县', '0991');
INSERT INTO `areas` VALUES ('540127', '墨竹工卡县', '0991');
INSERT INTO `areas` VALUES ('540202', '桑珠孜区', '0892');
INSERT INTO `areas` VALUES ('540221', '南木林县', '0892');
INSERT INTO `areas` VALUES ('540222', '江孜县', '0892');
INSERT INTO `areas` VALUES ('540223', '定日县', '0892');
INSERT INTO `areas` VALUES ('540224', '萨迦县', '0892');
INSERT INTO `areas` VALUES ('540225', '拉孜县', '0892');
INSERT INTO `areas` VALUES ('540226', '昂仁县', '0892');
INSERT INTO `areas` VALUES ('540227', '谢通门县', '0892');
INSERT INTO `areas` VALUES ('540228', '白朗县', '0892');
INSERT INTO `areas` VALUES ('540229', '仁布县', '0892');
INSERT INTO `areas` VALUES ('540230', '康马县', '0892');
INSERT INTO `areas` VALUES ('540231', '定结县', '0892');
INSERT INTO `areas` VALUES ('540232', '仲巴县', '0892');
INSERT INTO `areas` VALUES ('540233', '亚东县', '0892');
INSERT INTO `areas` VALUES ('540234', '吉隆县', '0892');
INSERT INTO `areas` VALUES ('540235', '聂拉木县', '0892');
INSERT INTO `areas` VALUES ('540236', '萨嘎县', '0892');
INSERT INTO `areas` VALUES ('540237', '岗巴县', '0892');
INSERT INTO `areas` VALUES ('540302', '卡若区', '0895');
INSERT INTO `areas` VALUES ('540321', '江达县', '0895');
INSERT INTO `areas` VALUES ('540322', '贡觉县', '0895');
INSERT INTO `areas` VALUES ('540323', '类乌齐县', '0895');
INSERT INTO `areas` VALUES ('540324', '丁青县', '0895');
INSERT INTO `areas` VALUES ('540325', '察雅县', '0895');
INSERT INTO `areas` VALUES ('540326', '八宿县', '0895');
INSERT INTO `areas` VALUES ('540327', '左贡县', '0895');
INSERT INTO `areas` VALUES ('540328', '芒康县', '0895');
INSERT INTO `areas` VALUES ('540329', '洛隆县', '0895');
INSERT INTO `areas` VALUES ('540330', '边坝县', '0895');
INSERT INTO `areas` VALUES ('542221', '乃东县', '0893');
INSERT INTO `areas` VALUES ('542222', '扎囊县', '0893');
INSERT INTO `areas` VALUES ('542223', '贡嘎县', '0893');
INSERT INTO `areas` VALUES ('542224', '桑日县', '0893');
INSERT INTO `areas` VALUES ('542225', '琼结县', '0893');
INSERT INTO `areas` VALUES ('542226', '曲松县', '0893');
INSERT INTO `areas` VALUES ('542227', '措美县', '0893');
INSERT INTO `areas` VALUES ('542228', '洛扎县', '0893');
INSERT INTO `areas` VALUES ('542229', '加查县', '0893');
INSERT INTO `areas` VALUES ('542231', '隆子县', '0893');
INSERT INTO `areas` VALUES ('542232', '错那县', '0893');
INSERT INTO `areas` VALUES ('542233', '浪卡子县', '0893');
INSERT INTO `areas` VALUES ('542421', '那曲县', '0896');
INSERT INTO `areas` VALUES ('542422', '嘉黎县', '0896');
INSERT INTO `areas` VALUES ('542423', '比如县', '0896');
INSERT INTO `areas` VALUES ('542424', '聂荣县', '0896');
INSERT INTO `areas` VALUES ('542425', '安多县', '0896');
INSERT INTO `areas` VALUES ('542426', '申扎县', '0896');
INSERT INTO `areas` VALUES ('542427', '索县', '0896');
INSERT INTO `areas` VALUES ('542428', '班戈县', '0896');
INSERT INTO `areas` VALUES ('542429', '巴青县', '0896');
INSERT INTO `areas` VALUES ('542430', '尼玛县', '0896');
INSERT INTO `areas` VALUES ('542431', '双湖县', '0896');
INSERT INTO `areas` VALUES ('542521', '普兰县', '0897');
INSERT INTO `areas` VALUES ('542522', '札达县', '0897');
INSERT INTO `areas` VALUES ('542523', '噶尔县', '0897');
INSERT INTO `areas` VALUES ('542524', '日土县', '0897');
INSERT INTO `areas` VALUES ('542525', '革吉县', '0897');
INSERT INTO `areas` VALUES ('542526', '改则县', '0897');
INSERT INTO `areas` VALUES ('542527', '措勤县', '0897');
INSERT INTO `areas` VALUES ('542621', '林芝县', '0894');
INSERT INTO `areas` VALUES ('542622', '工布江达县', '0894');
INSERT INTO `areas` VALUES ('542623', '米林县', '0894');
INSERT INTO `areas` VALUES ('542624', '墨脱县', '0894');
INSERT INTO `areas` VALUES ('542625', '波密县', '0894');
INSERT INTO `areas` VALUES ('542626', '察隅县', '0894');
INSERT INTO `areas` VALUES ('542627', '朗县', '0894');
INSERT INTO `areas` VALUES ('610102', '新城区', '029');
INSERT INTO `areas` VALUES ('610103', '碑林区', '029');
INSERT INTO `areas` VALUES ('610104', '莲湖区', '029');
INSERT INTO `areas` VALUES ('610111', '灞桥区', '029');
INSERT INTO `areas` VALUES ('610112', '未央区', '029');
INSERT INTO `areas` VALUES ('610113', '雁塔区', '029');
INSERT INTO `areas` VALUES ('610114', '阎良区', '029');
INSERT INTO `areas` VALUES ('610115', '临潼区', '029');
INSERT INTO `areas` VALUES ('610116', '长安区', '029');
INSERT INTO `areas` VALUES ('610122', '蓝田县', '029');
INSERT INTO `areas` VALUES ('610124', '周至县', '029');
INSERT INTO `areas` VALUES ('610125', '户县', '029');
INSERT INTO `areas` VALUES ('610126', '高陵区', '029');
INSERT INTO `areas` VALUES ('610202', '王益区', '0919');
INSERT INTO `areas` VALUES ('610203', '印台区', '0919');
INSERT INTO `areas` VALUES ('610204', '耀州区', '0919');
INSERT INTO `areas` VALUES ('610222', '宜君县', '0919');
INSERT INTO `areas` VALUES ('610302', '渭滨区', '0917');
INSERT INTO `areas` VALUES ('610303', '金台区', '0917');
INSERT INTO `areas` VALUES ('610304', '陈仓区', '0917');
INSERT INTO `areas` VALUES ('610322', '凤翔县', '0917');
INSERT INTO `areas` VALUES ('610323', '岐山县', '0917');
INSERT INTO `areas` VALUES ('610324', '扶风县', '0917');
INSERT INTO `areas` VALUES ('610326', '眉县', '0917');
INSERT INTO `areas` VALUES ('610327', '陇县', '0917');
INSERT INTO `areas` VALUES ('610328', '千阳县', '0917');
INSERT INTO `areas` VALUES ('610329', '麟游县', '0917');
INSERT INTO `areas` VALUES ('610330', '凤县', '0917');
INSERT INTO `areas` VALUES ('610331', '太白县', '0917');
INSERT INTO `areas` VALUES ('610402', '秦都区', '0918');
INSERT INTO `areas` VALUES ('610403', '杨陵区', '0918');
INSERT INTO `areas` VALUES ('610404', '渭城区', '0918');
INSERT INTO `areas` VALUES ('610422', '三原县', '0918');
INSERT INTO `areas` VALUES ('610423', '泾阳县', '0918');
INSERT INTO `areas` VALUES ('610424', '乾县', '0918');
INSERT INTO `areas` VALUES ('610425', '礼泉县', '0918');
INSERT INTO `areas` VALUES ('610426', '永寿县', '0918');
INSERT INTO `areas` VALUES ('610427', '彬县', '0918');
INSERT INTO `areas` VALUES ('610428', '长武县', '0918');
INSERT INTO `areas` VALUES ('610429', '旬邑县', '0918');
INSERT INTO `areas` VALUES ('610430', '淳化县', '0918');
INSERT INTO `areas` VALUES ('610431', '武功县', '0918');
INSERT INTO `areas` VALUES ('610481', '兴平市', '0918');
INSERT INTO `areas` VALUES ('610502', '临渭区', '0913');
INSERT INTO `areas` VALUES ('610521', '华县', '0913');
INSERT INTO `areas` VALUES ('610522', '潼关县', '0913');
INSERT INTO `areas` VALUES ('610523', '大荔县', '0913');
INSERT INTO `areas` VALUES ('610524', '合阳县', '0913');
INSERT INTO `areas` VALUES ('610525', '澄城县', '0913');
INSERT INTO `areas` VALUES ('610526', '蒲城县', '0913');
INSERT INTO `areas` VALUES ('610527', '白水县', '0913');
INSERT INTO `areas` VALUES ('610528', '富平县', '0913');
INSERT INTO `areas` VALUES ('610581', '韩城市', '0913');
INSERT INTO `areas` VALUES ('610582', '华阴市', '0913');
INSERT INTO `areas` VALUES ('610602', '宝塔区', '0911');
INSERT INTO `areas` VALUES ('610621', '延长县', '0911');
INSERT INTO `areas` VALUES ('610622', '延川县', '0911');
INSERT INTO `areas` VALUES ('610623', '子长县', '0911');
INSERT INTO `areas` VALUES ('610624', '安塞县', '0911');
INSERT INTO `areas` VALUES ('610625', '志丹县', '0911');
INSERT INTO `areas` VALUES ('610626', '吴起县', '0911');
INSERT INTO `areas` VALUES ('610627', '甘泉县', '0911');
INSERT INTO `areas` VALUES ('610628', '富县', '0911');
INSERT INTO `areas` VALUES ('610629', '洛川县', '0911');
INSERT INTO `areas` VALUES ('610630', '宜川县', '0911');
INSERT INTO `areas` VALUES ('610631', '黄龙县', '0911');
INSERT INTO `areas` VALUES ('610632', '黄陵县', '0911');
INSERT INTO `areas` VALUES ('610702', '汉台区', '0916');
INSERT INTO `areas` VALUES ('610721', '南郑县', '0916');
INSERT INTO `areas` VALUES ('610722', '城固县', '0916');
INSERT INTO `areas` VALUES ('610723', '洋县', '0916');
INSERT INTO `areas` VALUES ('610724', '西乡县', '0916');
INSERT INTO `areas` VALUES ('610725', '勉县', '0916');
INSERT INTO `areas` VALUES ('610726', '宁强县', '0916');
INSERT INTO `areas` VALUES ('610727', '略阳县', '0916');
INSERT INTO `areas` VALUES ('610728', '镇巴县', '0916');
INSERT INTO `areas` VALUES ('610729', '留坝县', '0916');
INSERT INTO `areas` VALUES ('610730', '佛坪县', '0916');
INSERT INTO `areas` VALUES ('610802', '榆阳区', '0912');
INSERT INTO `areas` VALUES ('610821', '神木县', '0912');
INSERT INTO `areas` VALUES ('610822', '府谷县', '0912');
INSERT INTO `areas` VALUES ('610823', '横山县', '0912');
INSERT INTO `areas` VALUES ('610824', '靖边县', '0912');
INSERT INTO `areas` VALUES ('610825', '定边县', '0912');
INSERT INTO `areas` VALUES ('610826', '绥德县', '0912');
INSERT INTO `areas` VALUES ('610827', '米脂县', '0912');
INSERT INTO `areas` VALUES ('610828', '佳县', '0912');
INSERT INTO `areas` VALUES ('610829', '吴堡县', '0912');
INSERT INTO `areas` VALUES ('610830', '清涧县', '0912');
INSERT INTO `areas` VALUES ('610831', '子洲县', '0912');
INSERT INTO `areas` VALUES ('610902', '汉滨区', '0915');
INSERT INTO `areas` VALUES ('610921', '汉阴县', '0915');
INSERT INTO `areas` VALUES ('610922', '石泉县', '0915');
INSERT INTO `areas` VALUES ('610923', '宁陕县', '0915');
INSERT INTO `areas` VALUES ('610924', '紫阳县', '0915');
INSERT INTO `areas` VALUES ('610925', '岚皋县', '0915');
INSERT INTO `areas` VALUES ('610926', '平利县', '0915');
INSERT INTO `areas` VALUES ('610927', '镇坪县', '0915');
INSERT INTO `areas` VALUES ('610928', '旬阳县', '0915');
INSERT INTO `areas` VALUES ('610929', '白河县', '0915');
INSERT INTO `areas` VALUES ('611002', '商州区', '0914');
INSERT INTO `areas` VALUES ('611021', '洛南县', '0914');
INSERT INTO `areas` VALUES ('611022', '丹凤县', '0914');
INSERT INTO `areas` VALUES ('611023', '商南县', '0914');
INSERT INTO `areas` VALUES ('611024', '山阳县', '0914');
INSERT INTO `areas` VALUES ('611025', '镇安县', '0914');
INSERT INTO `areas` VALUES ('611026', '柞水县', '0914');
INSERT INTO `areas` VALUES ('611101', '空港新城', '0374');
INSERT INTO `areas` VALUES ('611102', '沣东新城', '0921');
INSERT INTO `areas` VALUES ('611103', '秦汉新城', '0921');
INSERT INTO `areas` VALUES ('611104', '沣西新城', '0921');
INSERT INTO `areas` VALUES ('611105', '泾河新城', '0921');
INSERT INTO `areas` VALUES ('620102', '城关区', '0931');
INSERT INTO `areas` VALUES ('620103', '七里河区', '0931');
INSERT INTO `areas` VALUES ('620104', '西固区', '0931');
INSERT INTO `areas` VALUES ('620105', '安宁区', '0931');
INSERT INTO `areas` VALUES ('620111', '红古区', '0931');
INSERT INTO `areas` VALUES ('620121', '永登县', '0931');
INSERT INTO `areas` VALUES ('620122', '皋兰县', '0931');
INSERT INTO `areas` VALUES ('620123', '榆中县', '0931');
INSERT INTO `areas` VALUES ('620201', '雄关区', '0937');
INSERT INTO `areas` VALUES ('620202', '长城区', '0937');
INSERT INTO `areas` VALUES ('620203', '镜铁区', '0937');
INSERT INTO `areas` VALUES ('620302', '金川区', '0935');
INSERT INTO `areas` VALUES ('620321', '永昌县', '0935');
INSERT INTO `areas` VALUES ('620402', '白银区', '0943');
INSERT INTO `areas` VALUES ('620403', '平川区', '0943');
INSERT INTO `areas` VALUES ('620421', '靖远县', '0943');
INSERT INTO `areas` VALUES ('620422', '会宁县', '0943');
INSERT INTO `areas` VALUES ('620423', '景泰县', '0943');
INSERT INTO `areas` VALUES ('620502', '秦州区', '0938');
INSERT INTO `areas` VALUES ('620503', '麦积区', '0938');
INSERT INTO `areas` VALUES ('620521', '清水县', '0938');
INSERT INTO `areas` VALUES ('620522', '秦安县', '0938');
INSERT INTO `areas` VALUES ('620523', '甘谷县', '0938');
INSERT INTO `areas` VALUES ('620524', '武山县', '0938');
INSERT INTO `areas` VALUES ('620525', '张家川回族自治县', '0938');
INSERT INTO `areas` VALUES ('620602', '凉州区', '0935');
INSERT INTO `areas` VALUES ('620621', '民勤县', '0935');
INSERT INTO `areas` VALUES ('620622', '古浪县', '0935');
INSERT INTO `areas` VALUES ('620623', '天祝藏族自治县', '0935');
INSERT INTO `areas` VALUES ('620702', '甘州区', '0936');
INSERT INTO `areas` VALUES ('620721', '肃南裕固族自治县', '0936');
INSERT INTO `areas` VALUES ('620722', '民乐县', '0936');
INSERT INTO `areas` VALUES ('620723', '临泽县', '0936');
INSERT INTO `areas` VALUES ('620724', '高台县', '0936');
INSERT INTO `areas` VALUES ('620725', '山丹县', '0936');
INSERT INTO `areas` VALUES ('620802', '崆峒区', '0933');
INSERT INTO `areas` VALUES ('620821', '泾川县', '0933');
INSERT INTO `areas` VALUES ('620822', '灵台县', '0933');
INSERT INTO `areas` VALUES ('620823', '崇信县', '0933');
INSERT INTO `areas` VALUES ('620824', '华亭县', '0933');
INSERT INTO `areas` VALUES ('620825', '庄浪县', '0933');
INSERT INTO `areas` VALUES ('620826', '静宁县', '0933');
INSERT INTO `areas` VALUES ('620902', '肃州区', '0939');
INSERT INTO `areas` VALUES ('620921', '金塔县', '0939');
INSERT INTO `areas` VALUES ('620922', '瓜州县', '0939');
INSERT INTO `areas` VALUES ('620923', '肃北蒙古族自治县', '0939');
INSERT INTO `areas` VALUES ('620924', '阿克塞哈萨克族自治县', '0939');
INSERT INTO `areas` VALUES ('620981', '玉门市', '0939');
INSERT INTO `areas` VALUES ('620982', '敦煌市', '0939');
INSERT INTO `areas` VALUES ('621002', '西峰区', '0934');
INSERT INTO `areas` VALUES ('621021', '庆城县', '0934');
INSERT INTO `areas` VALUES ('621022', '环县', '0934');
INSERT INTO `areas` VALUES ('621023', '华池县', '0934');
INSERT INTO `areas` VALUES ('621024', '合水县', '0934');
INSERT INTO `areas` VALUES ('621025', '正宁县', '0934');
INSERT INTO `areas` VALUES ('621026', '宁县', '0934');
INSERT INTO `areas` VALUES ('621027', '镇原县', '0934');
INSERT INTO `areas` VALUES ('621102', '安定区', '0932');
INSERT INTO `areas` VALUES ('621121', '通渭县', '0932');
INSERT INTO `areas` VALUES ('621122', '陇西县', '0932');
INSERT INTO `areas` VALUES ('621123', '渭源县', '0932');
INSERT INTO `areas` VALUES ('621124', '临洮县', '0932');
INSERT INTO `areas` VALUES ('621125', '漳县', '0932');
INSERT INTO `areas` VALUES ('621126', '岷县', '0932');
INSERT INTO `areas` VALUES ('621202', '武都区', '0940');
INSERT INTO `areas` VALUES ('621221', '成县', '0940');
INSERT INTO `areas` VALUES ('621222', '文县', '0940');
INSERT INTO `areas` VALUES ('621223', '宕昌县', '0940');
INSERT INTO `areas` VALUES ('621224', '康县', '0940');
INSERT INTO `areas` VALUES ('621225', '西和县', '0940');
INSERT INTO `areas` VALUES ('621226', '礼县', '0940');
INSERT INTO `areas` VALUES ('621227', '徽县', '0940');
INSERT INTO `areas` VALUES ('621228', '两当县', '0940');
INSERT INTO `areas` VALUES ('622901', '临夏市', '0930');
INSERT INTO `areas` VALUES ('622921', '临夏县', '0930');
INSERT INTO `areas` VALUES ('622922', '康乐县', '0930');
INSERT INTO `areas` VALUES ('622923', '永靖县', '0930');
INSERT INTO `areas` VALUES ('622924', '广河县', '0930');
INSERT INTO `areas` VALUES ('622925', '和政县', '0930');
INSERT INTO `areas` VALUES ('622926', '东乡族自治县', '0930');
INSERT INTO `areas` VALUES ('622927', '积石山保安族东乡族撒拉族自治县', '0930');
INSERT INTO `areas` VALUES ('623001', '合作市', '0941');
INSERT INTO `areas` VALUES ('623021', '临潭县', '0941');
INSERT INTO `areas` VALUES ('623022', '卓尼县', '0941');
INSERT INTO `areas` VALUES ('623023', '舟曲县', '0941');
INSERT INTO `areas` VALUES ('623024', '迭部县', '0941');
INSERT INTO `areas` VALUES ('623025', '玛曲县', '0941');
INSERT INTO `areas` VALUES ('623026', '碌曲县', '0941');
INSERT INTO `areas` VALUES ('623027', '夏河县', '0941');
INSERT INTO `areas` VALUES ('630102', '城东区', '0971');
INSERT INTO `areas` VALUES ('630103', '城中区', '0971');
INSERT INTO `areas` VALUES ('630104', '城西区', '0971');
INSERT INTO `areas` VALUES ('630105', '城北区', '0971');
INSERT INTO `areas` VALUES ('630121', '大通回族土族自治县', '0971');
INSERT INTO `areas` VALUES ('630122', '湟中县', '0971');
INSERT INTO `areas` VALUES ('630123', '湟源县', '0971');
INSERT INTO `areas` VALUES ('630202', '乐都区', '0972');
INSERT INTO `areas` VALUES ('630221', '平安县', '0972');
INSERT INTO `areas` VALUES ('630222', '民和回族土族自治县', '0972');
INSERT INTO `areas` VALUES ('630223', '互助土族自治县', '0972');
INSERT INTO `areas` VALUES ('630224', '化隆回族自治县', '0972');
INSERT INTO `areas` VALUES ('630225', '循化撒拉族自治县', '0972');
INSERT INTO `areas` VALUES ('632221', '门源回族自治县', '0970');
INSERT INTO `areas` VALUES ('632222', '祁连县', '0970');
INSERT INTO `areas` VALUES ('632223', '海晏县', '0970');
INSERT INTO `areas` VALUES ('632224', '刚察县', '0970');
INSERT INTO `areas` VALUES ('632321', '同仁县', '0973');
INSERT INTO `areas` VALUES ('632322', '尖扎县', '0973');
INSERT INTO `areas` VALUES ('632323', '泽库县', '0973');
INSERT INTO `areas` VALUES ('632324', '河南蒙古族自治县', '0973');
INSERT INTO `areas` VALUES ('632521', '共和县', '0974');
INSERT INTO `areas` VALUES ('632522', '同德县', '0974');
INSERT INTO `areas` VALUES ('632523', '贵德县', '0974');
INSERT INTO `areas` VALUES ('632524', '兴海县', '0974');
INSERT INTO `areas` VALUES ('632525', '贵南县', '0974');
INSERT INTO `areas` VALUES ('632621', '玛沁县', '0975');
INSERT INTO `areas` VALUES ('632622', '班玛县', '0975');
INSERT INTO `areas` VALUES ('632623', '甘德县', '0975');
INSERT INTO `areas` VALUES ('632624', '达日县', '0975');
INSERT INTO `areas` VALUES ('632625', '久治县', '0975');
INSERT INTO `areas` VALUES ('632626', '玛多县', '0975');
INSERT INTO `areas` VALUES ('632701', '玉树市', '0976');
INSERT INTO `areas` VALUES ('632722', '杂多县', '0976');
INSERT INTO `areas` VALUES ('632723', '称多县', '0976');
INSERT INTO `areas` VALUES ('632724', '治多县', '0976');
INSERT INTO `areas` VALUES ('632725', '囊谦县', '0976');
INSERT INTO `areas` VALUES ('632726', '曲麻莱县', '0976');
INSERT INTO `areas` VALUES ('632801', '格尔木市', '0977');
INSERT INTO `areas` VALUES ('632802', '德令哈市', '0977');
INSERT INTO `areas` VALUES ('632821', '乌兰县', '0977');
INSERT INTO `areas` VALUES ('632822', '都兰县', '0977');
INSERT INTO `areas` VALUES ('632823', '天峻县', '0977');
INSERT INTO `areas` VALUES ('640104', '兴庆区', '0951');
INSERT INTO `areas` VALUES ('640105', '西夏区', '0951');
INSERT INTO `areas` VALUES ('640106', '金凤区', '0951');
INSERT INTO `areas` VALUES ('640121', '永宁县', '0951');
INSERT INTO `areas` VALUES ('640122', '贺兰县', '0951');
INSERT INTO `areas` VALUES ('640181', '灵武市', '0951');
INSERT INTO `areas` VALUES ('640202', '大武口区', '0952');
INSERT INTO `areas` VALUES ('640205', '惠农区', '0952');
INSERT INTO `areas` VALUES ('640221', '平罗县', '0952');
INSERT INTO `areas` VALUES ('640302', '利通区', '0953');
INSERT INTO `areas` VALUES ('640303', '红寺堡区', '0953');
INSERT INTO `areas` VALUES ('640323', '盐池县', '0953');
INSERT INTO `areas` VALUES ('640324', '同心县', '0953');
INSERT INTO `areas` VALUES ('640381', '青铜峡市', '0953');
INSERT INTO `areas` VALUES ('640402', '原州区', '0954');
INSERT INTO `areas` VALUES ('640422', '西吉县', '0954');
INSERT INTO `areas` VALUES ('640423', '隆德县', '0954');
INSERT INTO `areas` VALUES ('640424', '泾源县', '0954');
INSERT INTO `areas` VALUES ('640425', '彭阳县', '0954');
INSERT INTO `areas` VALUES ('640502', '沙坡头区', '0955');
INSERT INTO `areas` VALUES ('640521', '中宁县', '0955');
INSERT INTO `areas` VALUES ('640522', '海原县', '0955');
INSERT INTO `areas` VALUES ('650102', '天山区', '0961');
INSERT INTO `areas` VALUES ('650103', '沙依巴克区', '0961');
INSERT INTO `areas` VALUES ('650104', '新市区', '0961');
INSERT INTO `areas` VALUES ('650105', '水磨沟区', '0961');
INSERT INTO `areas` VALUES ('650106', '头屯河区', '0961');
INSERT INTO `areas` VALUES ('650107', '达坂城区', '0961');
INSERT INTO `areas` VALUES ('650109', '米东区', '0961');
INSERT INTO `areas` VALUES ('650121', '乌鲁木齐县', '0961');
INSERT INTO `areas` VALUES ('650202', '独山子区', '0992');
INSERT INTO `areas` VALUES ('650203', '克拉玛依区', '0992');
INSERT INTO `areas` VALUES ('650204', '白碱滩区', '0992');
INSERT INTO `areas` VALUES ('650205', '乌尔禾区', '0992');
INSERT INTO `areas` VALUES ('652101', '吐鲁番市', '0993');
INSERT INTO `areas` VALUES ('652122', '鄯善县', '0993');
INSERT INTO `areas` VALUES ('652123', '托克逊县', '0993');
INSERT INTO `areas` VALUES ('652201', '哈密市', '0902');
INSERT INTO `areas` VALUES ('652222', '巴里坤哈萨克自治县', '0902');
INSERT INTO `areas` VALUES ('652223', '伊吾县', '0902');
INSERT INTO `areas` VALUES ('652301', '昌吉市', '0994');
INSERT INTO `areas` VALUES ('652302', '阜康市', '0994');
INSERT INTO `areas` VALUES ('652323', '呼图壁县', '0994');
INSERT INTO `areas` VALUES ('652324', '玛纳斯县', '0994');
INSERT INTO `areas` VALUES ('652325', '奇台县', '0994');
INSERT INTO `areas` VALUES ('652327', '吉木萨尔县', '0994');
INSERT INTO `areas` VALUES ('652328', '木垒哈萨克自治县', '0994');
INSERT INTO `areas` VALUES ('652701', '博乐市', '0909');
INSERT INTO `areas` VALUES ('652702', '阿拉山口市', '0909');
INSERT INTO `areas` VALUES ('652722', '精河县', '0909');
INSERT INTO `areas` VALUES ('652723', '温泉县', '0909');
INSERT INTO `areas` VALUES ('652801', '库尔勒市', '0996');
INSERT INTO `areas` VALUES ('652822', '轮台县', '0996');
INSERT INTO `areas` VALUES ('652823', '尉犁县', '0996');
INSERT INTO `areas` VALUES ('652824', '若羌县', '0996');
INSERT INTO `areas` VALUES ('652825', '且末县', '0996');
INSERT INTO `areas` VALUES ('652826', '焉耆回族自治县', '0996');
INSERT INTO `areas` VALUES ('652827', '和静县', '0996');
INSERT INTO `areas` VALUES ('652828', '和硕县', '0996');
INSERT INTO `areas` VALUES ('652829', '博湖县', '0996');
INSERT INTO `areas` VALUES ('652901', '阿克苏市', '0997');
INSERT INTO `areas` VALUES ('652922', '温宿县', '0997');
INSERT INTO `areas` VALUES ('652923', '库车县', '0997');
INSERT INTO `areas` VALUES ('652924', '沙雅县', '0997');
INSERT INTO `areas` VALUES ('652925', '新和县', '0997');
INSERT INTO `areas` VALUES ('652926', '拜城县', '0997');
INSERT INTO `areas` VALUES ('652927', '乌什县', '0997');
INSERT INTO `areas` VALUES ('652928', '阿瓦提县', '0997');
INSERT INTO `areas` VALUES ('652929', '柯坪县', '0997');
INSERT INTO `areas` VALUES ('653001', '阿图什市', '0908');
INSERT INTO `areas` VALUES ('653022', '阿克陶县', '0908');
INSERT INTO `areas` VALUES ('653023', '阿合奇县', '0998');
INSERT INTO `areas` VALUES ('653024', '乌恰县', '0908');
INSERT INTO `areas` VALUES ('653101', '喀什市', '0998');
INSERT INTO `areas` VALUES ('653121', '疏附县', '0998');
INSERT INTO `areas` VALUES ('653122', '疏勒县', '0998');
INSERT INTO `areas` VALUES ('653123', '英吉沙县', '0998');
INSERT INTO `areas` VALUES ('653124', '泽普县', '0998');
INSERT INTO `areas` VALUES ('653125', '莎车县', '0998');
INSERT INTO `areas` VALUES ('653126', '叶城县', '0998');
INSERT INTO `areas` VALUES ('653127', '麦盖提县', '0998');
INSERT INTO `areas` VALUES ('653128', '岳普湖县', '0998');
INSERT INTO `areas` VALUES ('653129', '伽师县', '0998');
INSERT INTO `areas` VALUES ('653130', '巴楚县', '0998');
INSERT INTO `areas` VALUES ('653131', '塔什库尔干塔吉克自治县', '0998');
INSERT INTO `areas` VALUES ('653201', '和田市', '0903');
INSERT INTO `areas` VALUES ('653221', '和田县', '0903');
INSERT INTO `areas` VALUES ('653222', '墨玉县', '0903');
INSERT INTO `areas` VALUES ('653223', '皮山县', '0903');
INSERT INTO `areas` VALUES ('653224', '洛浦县', '0903');
INSERT INTO `areas` VALUES ('653225', '策勒县', '0903');
INSERT INTO `areas` VALUES ('653226', '于田县', '0903');
INSERT INTO `areas` VALUES ('653227', '民丰县', '0903');
INSERT INTO `areas` VALUES ('654002', '伊宁市', '0999');
INSERT INTO `areas` VALUES ('654003', '奎屯市', '0999');
INSERT INTO `areas` VALUES ('654004', '霍尔果斯市', '0999');
INSERT INTO `areas` VALUES ('654021', '伊宁县', '0999');
INSERT INTO `areas` VALUES ('654022', '察布查尔锡伯自治县', '0999');
INSERT INTO `areas` VALUES ('654023', '霍城县', '0999');
INSERT INTO `areas` VALUES ('654024', '巩留县', '0999');
INSERT INTO `areas` VALUES ('654025', '新源县', '0999');
INSERT INTO `areas` VALUES ('654026', '昭苏县', '0999');
INSERT INTO `areas` VALUES ('654027', '特克斯县', '0999');
INSERT INTO `areas` VALUES ('654028', '尼勒克县', '0999');
INSERT INTO `areas` VALUES ('654201', '塔城市', '0901');
INSERT INTO `areas` VALUES ('654202', '乌苏市', '0901');
INSERT INTO `areas` VALUES ('654221', '额敏县', '0901');
INSERT INTO `areas` VALUES ('654223', '沙湾县', '0901');
INSERT INTO `areas` VALUES ('654224', '托里县', '0901');
INSERT INTO `areas` VALUES ('654225', '裕民县', '0901');
INSERT INTO `areas` VALUES ('654226', '和布克赛尔蒙古自治县', '0901');
INSERT INTO `areas` VALUES ('654301', '阿勒泰市', '0906');
INSERT INTO `areas` VALUES ('654321', '布尔津县', '0906');
INSERT INTO `areas` VALUES ('654322', '富蕴县', '0906');
INSERT INTO `areas` VALUES ('654323', '福海县', '0906');
INSERT INTO `areas` VALUES ('654324', '哈巴河县', '0906');
INSERT INTO `areas` VALUES ('654325', '青河县', '0906');
INSERT INTO `areas` VALUES ('654326', '吉木乃县', '0906');
INSERT INTO `areas` VALUES ('659001', '石河子市', '0907');
INSERT INTO `areas` VALUES ('659002', '阿拉尔市', '0907');
INSERT INTO `areas` VALUES ('659003', '图木舒克市', '0907');
INSERT INTO `areas` VALUES ('659004', '五家渠市', '0907');
INSERT INTO `areas` VALUES ('659005', '北屯市', '0907');
INSERT INTO `areas` VALUES ('659006', '铁门关市', '0907');
INSERT INTO `areas` VALUES ('659007', '双河市', '0907');

-- ----------------------------
-- Table structure for banner
-- ----------------------------
DROP TABLE IF EXISTS `banner`;
CREATE TABLE `banner` (
  `banner_id` int(10) NOT NULL AUTO_INCREMENT COMMENT '轮播图编号',
  `banner_name` varchar(255) NOT NULL COMMENT '名称/标题',
  `banner_url` varchar(255) NOT NULL COMMENT '轮播图url',
  `banner_img` varchar(255) NOT NULL COMMENT '轮播图路径',
  `banner_state` int(10) NOT NULL DEFAULT '1' COMMENT '状态 默认为1 \r\n1：正常 0：禁用',
  PRIMARY KEY (`banner_id`)
) ENGINE=InnoDB AUTO_INCREMENT=7 DEFAULT CHARSET=utf8;

-- ----------------------------
-- Records of banner
-- ----------------------------
INSERT INTO `banner` VALUES ('1', '小米MIX2s一面科技，一面艺术', 'goods/detail?goodsId=10', 'banner1.jpg', '1');
INSERT INTO `banner` VALUES ('2', 'iPhone X hello,未来', 'goods/detail?goodsId=1', 'banner4.jpg', '1');
INSERT INTO `banner` VALUES ('3', '魅蓝6T双摄曲面屏，游戏长续航', 'goods/detail?goodsId=5', 'banner7.jpg', '1');
INSERT INTO `banner` VALUES ('4', '魅蓝E3玩的畅快，拍的清晰', 'goods/detail?goodsId=11', 'banner2.jpg', '1');
INSERT INTO `banner` VALUES ('5', 'NEX AI智慧旗舰', 'goods/detail?goodsId=9', 'banner3.jpg', '0');
INSERT INTO `banner` VALUES ('6', '小米8', 'goods/detail?goodsId=3', 'b302d678fbbe4a98899da83407ecac9c.jpg', '0');

-- ----------------------------
-- Table structure for cart
-- ----------------------------
DROP TABLE IF EXISTS `cart`;
CREATE TABLE `cart` (
  `cart_id` int(10) NOT NULL AUTO_INCREMENT COMMENT '购物车编号',
  `cart_goods` int(10) NOT NULL COMMENT '外键 所属商品',
  `cart_user` int(10) NOT NULL COMMENT '外键 所属用户',
  `cart_num` int(10) NOT NULL COMMENT '数量',
  `cart_price` double(10,1) NOT NULL COMMENT '价格',
  PRIMARY KEY (`cart_id`)
) ENGINE=InnoDB AUTO_INCREMENT=18 DEFAULT CHARSET=utf8;

-- ----------------------------
-- Records of cart
-- ----------------------------
INSERT INTO `cart` VALUES ('12', '2', '27', '4', '4599.0');
INSERT INTO `cart` VALUES ('15', '1', '27', '1', '6099.0');

-- ----------------------------
-- Table structure for cities
-- ----------------------------
DROP TABLE IF EXISTS `cities`;
CREATE TABLE `cities` (
  `city_id` varchar(10) NOT NULL COMMENT '城市编号',
  `city_name` varchar(50) NOT NULL COMMENT '城市名称',
  `province_id` varchar(10) NOT NULL COMMENT '外键 所属省份',
  PRIMARY KEY (`city_id`)
) ENGINE=InnoDB DEFAULT CHARSET=utf8;

-- ----------------------------
-- Records of cities
-- ----------------------------
INSERT INTO `cities` VALUES ('010', '北京市', '1');
INSERT INTO `cities` VALUES ('020', '广州市', '20');
INSERT INTO `cities` VALUES ('021', '上海市', '3');
INSERT INTO `cities` VALUES ('022', '天津市', '2');
INSERT INTO `cities` VALUES ('023', '重庆市', '4');
INSERT INTO `cities` VALUES ('024', '沈阳市', '8');
INSERT INTO `cities` VALUES ('025', '南京市', '11');
INSERT INTO `cities` VALUES ('027', '武汉市', '18');
INSERT INTO `cities` VALUES ('028', '成都市', '22');
INSERT INTO `cities` VALUES ('029', '西安市', '27');
INSERT INTO `cities` VALUES ('0295', '济源市', '17');
INSERT INTO `cities` VALUES ('0310', '邯郸市', '5');
INSERT INTO `cities` VALUES ('0311', '石家庄市', '5');
INSERT INTO `cities` VALUES ('0312', '保定市', '5');
INSERT INTO `cities` VALUES ('0313', '张家口市', '5');
INSERT INTO `cities` VALUES ('0314', '承德市', '5');
INSERT INTO `cities` VALUES ('0315', '唐山市', '5');
INSERT INTO `cities` VALUES ('0316', '廊坊市', '5');
INSERT INTO `cities` VALUES ('0317', '沧州市', '5');
INSERT INTO `cities` VALUES ('0318', '衡水市', '5');
INSERT INTO `cities` VALUES ('0319', '邢台市', '5');
INSERT INTO `cities` VALUES ('0335', '秦皇岛市', '5');
INSERT INTO `cities` VALUES ('0349', '朔州市', '6');
INSERT INTO `cities` VALUES ('0350', '忻州市', '6');
INSERT INTO `cities` VALUES ('0351', '太原市', '6');
INSERT INTO `cities` VALUES ('0352', '大同市', '6');
INSERT INTO `cities` VALUES ('0353', '阳泉市', '6');
INSERT INTO `cities` VALUES ('0354', '晋中市', '6');
INSERT INTO `cities` VALUES ('0355', '长治市', '6');
INSERT INTO `cities` VALUES ('0356', '晋城市', '6');
INSERT INTO `cities` VALUES ('0357', '临汾市', '6');
INSERT INTO `cities` VALUES ('0358', '吕梁市', '6');
INSERT INTO `cities` VALUES ('0359', '运城市', '6');
INSERT INTO `cities` VALUES ('0370', '商丘市', '17');
INSERT INTO `cities` VALUES ('0371', '郑州市', '17');
INSERT INTO `cities` VALUES ('0372', '安阳市', '17');
INSERT INTO `cities` VALUES ('0373', '新乡市', '17');
INSERT INTO `cities` VALUES ('0375', '平顶山市', '17');
INSERT INTO `cities` VALUES ('0376', '信阳市', '17');
INSERT INTO `cities` VALUES ('0377', '南阳市', '17');
INSERT INTO `cities` VALUES ('0378', '开封市', '17');
INSERT INTO `cities` VALUES ('0379', '洛阳市', '17');
INSERT INTO `cities` VALUES ('0380', '周口市', '17');
INSERT INTO `cities` VALUES ('0391', '焦作市', '17');
INSERT INTO `cities` VALUES ('0392', '鹤壁市', '17');
INSERT INTO `cities` VALUES ('0393', '濮阳市', '17');
INSERT INTO `cities` VALUES ('0394', '许昌市', '17');
INSERT INTO `cities` VALUES ('0395', '漯河市', '17');
INSERT INTO `cities` VALUES ('0396', '驻马店市', '17');
INSERT INTO `cities` VALUES ('0398', '三门峡市', '17');
INSERT INTO `cities` VALUES ('0411', '大连市', '8');
INSERT INTO `cities` VALUES ('0412', '鞍山市', '8');
INSERT INTO `cities` VALUES ('0413', '抚顺市', '8');
INSERT INTO `cities` VALUES ('0414', '本溪市', '8');
INSERT INTO `cities` VALUES ('0415', '丹东市', '8');
INSERT INTO `cities` VALUES ('0416', '锦州市', '8');
INSERT INTO `cities` VALUES ('0417', '营口市', '8');
INSERT INTO `cities` VALUES ('0418', '阜新市', '8');
INSERT INTO `cities` VALUES ('0419', '辽阳市', '8');
INSERT INTO `cities` VALUES ('0420', '铁岭市', '8');
INSERT INTO `cities` VALUES ('0421', '朝阳市', '8');
INSERT INTO `cities` VALUES ('0427', '盘锦市', '8');
INSERT INTO `cities` VALUES ('0429', '葫芦岛市', '8');
INSERT INTO `cities` VALUES ('0431', '长春市', '9');
INSERT INTO `cities` VALUES ('0432', '吉林市', '9');
INSERT INTO `cities` VALUES ('0433', '延边朝鲜族自治州', '9');
INSERT INTO `cities` VALUES ('0434', '四平市', '9');
INSERT INTO `cities` VALUES ('0435', '通化市', '9');
INSERT INTO `cities` VALUES ('0436', '白城市', '9');
INSERT INTO `cities` VALUES ('0437', '辽源市', '9');
INSERT INTO `cities` VALUES ('0438', '松原市', '9');
INSERT INTO `cities` VALUES ('0439', '白山市', '9');
INSERT INTO `cities` VALUES ('0451', '哈尔滨市', '10');
INSERT INTO `cities` VALUES ('0452', '齐齐哈尔市', '10');
INSERT INTO `cities` VALUES ('0453', '牡丹江市', '10');
INSERT INTO `cities` VALUES ('0454', '佳木斯市', '10');
INSERT INTO `cities` VALUES ('0455', '绥化市', '10');
INSERT INTO `cities` VALUES ('0456', '黑河市', '10');
INSERT INTO `cities` VALUES ('0457', '大兴安岭地区', '10');
INSERT INTO `cities` VALUES ('0458', '伊春市', '10');
INSERT INTO `cities` VALUES ('0459', '大庆市', '10');
INSERT INTO `cities` VALUES ('0464', '七台河市', '10');
INSERT INTO `cities` VALUES ('0467', '鸡西市', '10');
INSERT INTO `cities` VALUES ('0468', '鹤岗市', '10');
INSERT INTO `cities` VALUES ('0469', '双鸭山市', '10');
INSERT INTO `cities` VALUES ('0470', '呼伦贝尔市', '32');
INSERT INTO `cities` VALUES ('0471', '呼和浩特市', '32');
INSERT INTO `cities` VALUES ('0472', '包头市', '32');
INSERT INTO `cities` VALUES ('0473', '乌海市', '32');
INSERT INTO `cities` VALUES ('0474', '乌兰察布市', '32');
INSERT INTO `cities` VALUES ('0475', '通辽市', '32');
INSERT INTO `cities` VALUES ('0476', '赤峰市', '32');
INSERT INTO `cities` VALUES ('0477', '鄂尔多斯市', '32');
INSERT INTO `cities` VALUES ('0478', '巴彦淖尔市', '32');
INSERT INTO `cities` VALUES ('0479', '锡林郭勒盟', '32');
INSERT INTO `cities` VALUES ('0482', '兴安盟', '32');
INSERT INTO `cities` VALUES ('0483', '阿拉善盟', '32');
INSERT INTO `cities` VALUES ('0510', '无锡市', '11');
INSERT INTO `cities` VALUES ('0511', '镇江市', '11');
INSERT INTO `cities` VALUES ('0512', '苏州市', '11');
INSERT INTO `cities` VALUES ('0513', '南通市', '11');
INSERT INTO `cities` VALUES ('0514', '扬州市', '11');
INSERT INTO `cities` VALUES ('0515', '盐城市', '11');
INSERT INTO `cities` VALUES ('0516', '徐州市', '11');
INSERT INTO `cities` VALUES ('0517', '淮安市', '11');
INSERT INTO `cities` VALUES ('0518', '连云港市', '11');
INSERT INTO `cities` VALUES ('0519', '常州市', '11');
INSERT INTO `cities` VALUES ('0523', '泰州市', '11');
INSERT INTO `cities` VALUES ('0527', '宿迁市', '11');
INSERT INTO `cities` VALUES ('0530', '菏泽市', '16');
INSERT INTO `cities` VALUES ('0531', '济南市', '16');
INSERT INTO `cities` VALUES ('0532', '青岛市', '16');
INSERT INTO `cities` VALUES ('0533', '淄博市', '16');
INSERT INTO `cities` VALUES ('0534', '德州市', '16');
INSERT INTO `cities` VALUES ('0535', '聊城市', '16');
INSERT INTO `cities` VALUES ('0536', '潍坊市', '16');
INSERT INTO `cities` VALUES ('0537', '济宁市', '16');
INSERT INTO `cities` VALUES ('0538', '泰安市', '16');
INSERT INTO `cities` VALUES ('0539', '临沂市', '16');
INSERT INTO `cities` VALUES ('0543', '滨州市', '16');
INSERT INTO `cities` VALUES ('0546', '东营市', '16');
INSERT INTO `cities` VALUES ('0550', '滁州市', '13');
INSERT INTO `cities` VALUES ('0551', '合肥市', '13');
INSERT INTO `cities` VALUES ('0552', '蚌埠市', '13');
INSERT INTO `cities` VALUES ('0553', '芜湖市', '13');
INSERT INTO `cities` VALUES ('0554', '淮南市', '13');
INSERT INTO `cities` VALUES ('0555', '马鞍山市', '13');
INSERT INTO `cities` VALUES ('0556', '安庆市', '13');
INSERT INTO `cities` VALUES ('0557', '宿州市', '13');
INSERT INTO `cities` VALUES ('0558', '阜阳市', '13');
INSERT INTO `cities` VALUES ('0559', '黄山市', '13');
INSERT INTO `cities` VALUES ('0561', '淮北市', '13');
INSERT INTO `cities` VALUES ('0562', '铜陵市', '13');
INSERT INTO `cities` VALUES ('0563', '宣城市', '13');
INSERT INTO `cities` VALUES ('0564', '六安市', '13');
INSERT INTO `cities` VALUES ('0565', '亳州市', '13');
INSERT INTO `cities` VALUES ('0570', '衢州市', '12');
INSERT INTO `cities` VALUES ('0571', '杭州市', '12');
INSERT INTO `cities` VALUES ('0572', '湖州市', '12');
INSERT INTO `cities` VALUES ('0573', '嘉兴市', '12');
INSERT INTO `cities` VALUES ('0574', '宁波市', '12');
INSERT INTO `cities` VALUES ('0575', '绍兴市', '12');
INSERT INTO `cities` VALUES ('0576', '台州市', '12');
INSERT INTO `cities` VALUES ('0577', '温州市', '12');
INSERT INTO `cities` VALUES ('0578', '丽水市', '12');
INSERT INTO `cities` VALUES ('0579', '金华市', '12');
INSERT INTO `cities` VALUES ('0580', '舟山市', '12');
INSERT INTO `cities` VALUES ('0591', '福州市', '14');
INSERT INTO `cities` VALUES ('0592', '厦门市', '14');
INSERT INTO `cities` VALUES ('0593', '宁德市', '14');
INSERT INTO `cities` VALUES ('0594', '莆田市', '14');
INSERT INTO `cities` VALUES ('0595', '泉州市', '14');
INSERT INTO `cities` VALUES ('0596', '漳州市', '14');
INSERT INTO `cities` VALUES ('0597', '龙岩市', '14');
INSERT INTO `cities` VALUES ('0598', '三明市', '14');
INSERT INTO `cities` VALUES ('0600', '南平市', '14');
INSERT INTO `cities` VALUES ('0631', '威海市', '16');
INSERT INTO `cities` VALUES ('0632', '枣庄市', '16');
INSERT INTO `cities` VALUES ('0633', '日照市', '16');
INSERT INTO `cities` VALUES ('0634', '莱芜市', '16');
INSERT INTO `cities` VALUES ('0635', '烟台市', '16');
INSERT INTO `cities` VALUES ('0660', '汕尾市', '20');
INSERT INTO `cities` VALUES ('0662', '阳江市', '20');
INSERT INTO `cities` VALUES ('0668', '茂名市', '20');
INSERT INTO `cities` VALUES ('0691', '西双版纳傣族自治州', '25');
INSERT INTO `cities` VALUES ('0692', '德宏傣族景颇族自治州', '25');
INSERT INTO `cities` VALUES ('0701', '鹰潭市', '15');
INSERT INTO `cities` VALUES ('0710', '襄阳市', '18');
INSERT INTO `cities` VALUES ('0711', '鄂州市', '18');
INSERT INTO `cities` VALUES ('0712', '孝感市', '18');
INSERT INTO `cities` VALUES ('0713', '黄冈市', '18');
INSERT INTO `cities` VALUES ('0714', '黄石市', '18');
INSERT INTO `cities` VALUES ('0715', '咸宁市', '18');
INSERT INTO `cities` VALUES ('0716', '荆州市', '18');
INSERT INTO `cities` VALUES ('0717', '宜昌市', '18');
INSERT INTO `cities` VALUES ('0718', '恩施土家族苗族自治州', '18');
INSERT INTO `cities` VALUES ('0719', '十堰市', '18');
INSERT INTO `cities` VALUES ('0720', '仙桃市', '18');
INSERT INTO `cities` VALUES ('0721', '潜江市', '18');
INSERT INTO `cities` VALUES ('0722', '随州市', '18');
INSERT INTO `cities` VALUES ('0723', '天门市', '18');
INSERT INTO `cities` VALUES ('0724', '荆门市', '18');
INSERT INTO `cities` VALUES ('0725', '神农架林区', '18');
INSERT INTO `cities` VALUES ('0730', '岳阳市', '19');
INSERT INTO `cities` VALUES ('0731', '长沙市', '19');
INSERT INTO `cities` VALUES ('0734', '衡阳市', '19');
INSERT INTO `cities` VALUES ('0735', '郴州市', '19');
INSERT INTO `cities` VALUES ('0736', '常德市', '19');
INSERT INTO `cities` VALUES ('0737', '益阳市', '19');
INSERT INTO `cities` VALUES ('0738', '娄底市', '19');
INSERT INTO `cities` VALUES ('0739', '邵阳市', '19');
INSERT INTO `cities` VALUES ('0743', '湘西土家族苗族自治州', '19');
INSERT INTO `cities` VALUES ('0744', '张家界市', '19');
INSERT INTO `cities` VALUES ('0745', '怀化市', '19');
INSERT INTO `cities` VALUES ('0746', '永州市', '19');
INSERT INTO `cities` VALUES ('0750', '江门市', '20');
INSERT INTO `cities` VALUES ('0751', '韶关市', '20');
INSERT INTO `cities` VALUES ('0752', '惠州市', '20');
INSERT INTO `cities` VALUES ('0753', '梅州市', '20');
INSERT INTO `cities` VALUES ('0754', '汕头市', '20');
INSERT INTO `cities` VALUES ('0755', '深圳市', '20');
INSERT INTO `cities` VALUES ('0756', '珠海市', '20');
INSERT INTO `cities` VALUES ('0757', '佛山市', '20');
INSERT INTO `cities` VALUES ('0758', '肇庆市', '20');
INSERT INTO `cities` VALUES ('0759', '湛江市', '20');
INSERT INTO `cities` VALUES ('0760', '中山市', '20');
INSERT INTO `cities` VALUES ('0762', '河源市', '20');
INSERT INTO `cities` VALUES ('0763', '清远市', '20');
INSERT INTO `cities` VALUES ('0766', '云浮市', '20');
INSERT INTO `cities` VALUES ('0767', '揭阳市', '20');
INSERT INTO `cities` VALUES ('0768', '潮州市', '20');
INSERT INTO `cities` VALUES ('0769', '东莞市', '20');
INSERT INTO `cities` VALUES ('0770', '防城港市', '28');
INSERT INTO `cities` VALUES ('0771', '南宁市', '28');
INSERT INTO `cities` VALUES ('0772', '柳州市', '28');
INSERT INTO `cities` VALUES ('0773', '桂林市', '28');
INSERT INTO `cities` VALUES ('0774', '梧州市', '28');
INSERT INTO `cities` VALUES ('0775', '贵港市', '28');
INSERT INTO `cities` VALUES ('0776', '百色市', '28');
INSERT INTO `cities` VALUES ('0777', '钦州市', '28');
INSERT INTO `cities` VALUES ('0778', '玉林市', '28');
INSERT INTO `cities` VALUES ('0779', '北海市', '28');
INSERT INTO `cities` VALUES ('0780', '贺州市', '28');
INSERT INTO `cities` VALUES ('0781', '河池市', '28');
INSERT INTO `cities` VALUES ('0782', '来宾市', '28');
INSERT INTO `cities` VALUES ('0783', '崇左市', '28');
INSERT INTO `cities` VALUES ('0790', '新余市', '15');
INSERT INTO `cities` VALUES ('0791', '南昌市', '15');
INSERT INTO `cities` VALUES ('0792', '九江市', '15');
INSERT INTO `cities` VALUES ('0793', '上饶市', '15');
INSERT INTO `cities` VALUES ('0794', '抚州市', '15');
INSERT INTO `cities` VALUES ('0795', '宜春市', '15');
INSERT INTO `cities` VALUES ('0796', '吉安市', '15');
INSERT INTO `cities` VALUES ('0797', '赣州市', '15');
INSERT INTO `cities` VALUES ('0799', '景德镇市', '15');
INSERT INTO `cities` VALUES ('0800', '萍乡市', '15');
INSERT INTO `cities` VALUES ('0812', '攀枝花市', '22');
INSERT INTO `cities` VALUES ('0813', '自贡市', '22');
INSERT INTO `cities` VALUES ('0816', '绵阳市', '22');
INSERT INTO `cities` VALUES ('0817', '南充市', '22');
INSERT INTO `cities` VALUES ('0818', '眉山市', '22');
INSERT INTO `cities` VALUES ('0825', '遂宁市', '22');
INSERT INTO `cities` VALUES ('0826', '广安市', '22');
INSERT INTO `cities` VALUES ('0827', '达州市', '22');
INSERT INTO `cities` VALUES ('0830', '泸州市', '22');
INSERT INTO `cities` VALUES ('0831', '宜宾市', '22');
INSERT INTO `cities` VALUES ('0832', '内江市', '22');
INSERT INTO `cities` VALUES ('0833', '乐山市', '22');
INSERT INTO `cities` VALUES ('0835', '雅安市', '22');
INSERT INTO `cities` VALUES ('0836', '巴中市', '22');
INSERT INTO `cities` VALUES ('0837', '阿坝藏族羌族自治州', '22');
INSERT INTO `cities` VALUES ('0838', '德阳市', '22');
INSERT INTO `cities` VALUES ('0839', '广元市', '22');
INSERT INTO `cities` VALUES ('0840', '资阳市', '22');
INSERT INTO `cities` VALUES ('0841', '甘孜藏族自治州', '22');
INSERT INTO `cities` VALUES ('0842', '凉山彝族自治州', '22');
INSERT INTO `cities` VALUES ('0851', '贵阳市', '23');
INSERT INTO `cities` VALUES ('0852', '遵义市', '23');
INSERT INTO `cities` VALUES ('0853', '安顺市', '23');
INSERT INTO `cities` VALUES ('0854', '黔南布依族苗族自治州', '23');
INSERT INTO `cities` VALUES ('0855', '黔东南苗族侗族自治州', '23');
INSERT INTO `cities` VALUES ('0856', '铜仁地区', '23');
INSERT INTO `cities` VALUES ('0857', '毕节地区', '23');
INSERT INTO `cities` VALUES ('0858', '六盘水市', '23');
INSERT INTO `cities` VALUES ('0859', '黔西南布依族苗族自治州', '23');
INSERT INTO `cities` VALUES ('0870', '昭通市', '25');
INSERT INTO `cities` VALUES ('0871', '昆明市', '25');
INSERT INTO `cities` VALUES ('0872', '大理白族自治州', '25');
INSERT INTO `cities` VALUES ('0873', '红河哈尼族彝族自治州', '25');
INSERT INTO `cities` VALUES ('0874', '曲靖市', '25');
INSERT INTO `cities` VALUES ('0875', '保山市', '25');
INSERT INTO `cities` VALUES ('0876', '文山壮族苗族自治州', '25');
INSERT INTO `cities` VALUES ('0877', '玉溪市', '25');
INSERT INTO `cities` VALUES ('0878', '楚雄彝族自治州', '25');
INSERT INTO `cities` VALUES ('0879', '普洱市', '25');
INSERT INTO `cities` VALUES ('0883', '临沧市', '25');
INSERT INTO `cities` VALUES ('0886', '怒江傈僳族自治州', '25');
INSERT INTO `cities` VALUES ('0887', '迪庆藏族自治州', '25');
INSERT INTO `cities` VALUES ('0888', '丽江市', '25');
INSERT INTO `cities` VALUES ('0890', '三沙市', '24');
INSERT INTO `cities` VALUES ('0891', '直辖县级', '24');
INSERT INTO `cities` VALUES ('0893', '山南地区', '29');
INSERT INTO `cities` VALUES ('0894', '林芝地区', '29');
INSERT INTO `cities` VALUES ('0896', '那曲地区', '29');
INSERT INTO `cities` VALUES ('0897', '阿里地区', '29');
INSERT INTO `cities` VALUES ('0898', '海口市', '24');
INSERT INTO `cities` VALUES ('0899', '三亚市', '24');
INSERT INTO `cities` VALUES ('0901', '塔城地区', '31');
INSERT INTO `cities` VALUES ('0902', '哈密地区', '31');
INSERT INTO `cities` VALUES ('0903', '和田地区', '31');
INSERT INTO `cities` VALUES ('0906', '阿勒泰地区', '31');
INSERT INTO `cities` VALUES ('0907', '直辖县级', '31');
INSERT INTO `cities` VALUES ('0908', '克孜勒苏柯尔克孜自治州', '31');
INSERT INTO `cities` VALUES ('0909', '博尔塔拉蒙古自治州', '31');
INSERT INTO `cities` VALUES ('0911', '延安市', '27');
INSERT INTO `cities` VALUES ('0912', '榆林市', '27');
INSERT INTO `cities` VALUES ('0913', '渭南市', '27');
INSERT INTO `cities` VALUES ('0914', '商洛市', '27');
INSERT INTO `cities` VALUES ('0915', '安康市', '27');
INSERT INTO `cities` VALUES ('0916', '汉中市', '27');
INSERT INTO `cities` VALUES ('0917', '宝鸡市', '27');
INSERT INTO `cities` VALUES ('0918', '咸阳市', '27');
INSERT INTO `cities` VALUES ('0919', '铜川市', '27');
INSERT INTO `cities` VALUES ('0930', '临夏回族自治州', '21');
INSERT INTO `cities` VALUES ('0931', '兰州市', '21');
INSERT INTO `cities` VALUES ('0932', '定西市', '21');
INSERT INTO `cities` VALUES ('0933', '平凉市', '21');
INSERT INTO `cities` VALUES ('0934', '庆阳市', '21');
INSERT INTO `cities` VALUES ('0935', '武威市', '21');
INSERT INTO `cities` VALUES ('0936', '张掖市', '21');
INSERT INTO `cities` VALUES ('0937', '嘉峪关市', '21');
INSERT INTO `cities` VALUES ('0938', '天水市', '21');
INSERT INTO `cities` VALUES ('0939', '酒泉市', '21');
INSERT INTO `cities` VALUES ('0940', '陇南市', '21');
INSERT INTO `cities` VALUES ('0941', '甘南藏族自治州', '21');
INSERT INTO `cities` VALUES ('0943', '白银市', '21');
INSERT INTO `cities` VALUES ('0951', '银川市', '30');
INSERT INTO `cities` VALUES ('0952', '石嘴山市', '30');
INSERT INTO `cities` VALUES ('0953', '吴忠市', '30');
INSERT INTO `cities` VALUES ('0954', '固原市', '30');
INSERT INTO `cities` VALUES ('0955', '中卫市', '30');
INSERT INTO `cities` VALUES ('0961', '乌鲁木齐市', '31');
INSERT INTO `cities` VALUES ('0970', '海北藏族自治州', '26');
INSERT INTO `cities` VALUES ('0971', '西宁市', '26');
INSERT INTO `cities` VALUES ('0972', '海东地区', '26');
INSERT INTO `cities` VALUES ('0973', '黄南藏族自治州', '26');
INSERT INTO `cities` VALUES ('0974', '海南藏族自治州', '26');
INSERT INTO `cities` VALUES ('0975', '果洛藏族自治州', '26');
INSERT INTO `cities` VALUES ('0976', '玉树藏族自治州', '26');
INSERT INTO `cities` VALUES ('0977', '海西蒙古族藏族自治州', '26');
INSERT INTO `cities` VALUES ('0991', '拉萨市', '29');
INSERT INTO `cities` VALUES ('0992', '克拉玛依市', '31');
INSERT INTO `cities` VALUES ('0993', '吐鲁番市', '31');
INSERT INTO `cities` VALUES ('0994', '吉昌回族自治州', '31');
INSERT INTO `cities` VALUES ('0996', '巴音郭楞蒙古自治州', '31');
INSERT INTO `cities` VALUES ('0997', '阿克苏地区', '31');
INSERT INTO `cities` VALUES ('0998', '喀什地区', '31');
INSERT INTO `cities` VALUES ('0999', '伊犁哈萨克自治州', '31');
INSERT INTO `cities` VALUES ('102', '池州市', '13');
INSERT INTO `cities` VALUES ('177', '株洲市', '19');
INSERT INTO `cities` VALUES ('178', '湘潭市', '19');
INSERT INTO `cities` VALUES ('212', '金昌市', '21');
INSERT INTO `cities` VALUES ('323', '昌都地区', '29');
INSERT INTO `cities` VALUES ('325', '日喀则地区', '29');
INSERT INTO `cities` VALUES ('99', '巢湖市', '13');

-- ----------------------------
-- Table structure for evaimg
-- ----------------------------
DROP TABLE IF EXISTS `evaimg`;
CREATE TABLE `evaimg` (
  `evaimg_id` int(10) NOT NULL AUTO_INCREMENT COMMENT '编号',
  `evaimg_name` varchar(255) CHARACTER SET utf8 COLLATE utf8_general_ci NOT NULL COMMENT '图片路径',
  `eva` int(10) NOT NULL COMMENT '外键 所属评价',
  PRIMARY KEY (`evaimg_id`)
) ENGINE=InnoDB AUTO_INCREMENT=5 DEFAULT CHARSET=utf8;

-- ----------------------------
-- Records of evaimg
-- ----------------------------
INSERT INTO `evaimg` VALUES ('1', '20e1edc3d7224b59a9e1c8bf922c8868.png', '1');
INSERT INTO `evaimg` VALUES ('2', '25ca4b58159e4d179a1b3eb6799dd34b.png', '1');
INSERT INTO `evaimg` VALUES ('4', '4babaf50480c4cc0a79248f631d8433b.jpg', '3');

-- ----------------------------
-- Table structure for evaluate
-- ----------------------------
DROP TABLE IF EXISTS `evaluate`;
CREATE TABLE `evaluate` (
  `eva_id` int(10) NOT NULL AUTO_INCREMENT COMMENT '评论编号',
  `eva_user` int(10) NOT NULL COMMENT '外键 所属用户',
  `eva_content` varchar(255) CHARACTER SET utf8 COLLATE utf8_general_ci NOT NULL COMMENT '评论内容',
  `eva_date` datetime NOT NULL COMMENT '评论时间',
  `eva_goods` int(10) NOT NULL COMMENT '外键 评论商品',
  `eva_state` int(10) NOT NULL COMMENT '评价状态 根据评分\r\n删除： -1\r\n评分1星：0（差评）\r\n评分2-3星：1（中评）\r\n评分4-5星：2（好评）',
  `eva_level` int(10) NOT NULL COMMENT '评分',
  PRIMARY KEY (`eva_id`)
) ENGINE=InnoDB AUTO_INCREMENT=4 DEFAULT CHARSET=utf8;

-- ----------------------------
-- Records of evaluate
-- ----------------------------
INSERT INTO `evaluate` VALUES ('1', '27', '手机不错', '2019-08-26 16:16:21', '1', '2', '4');
INSERT INTO `evaluate` VALUES ('2', '27', '真垃圾', '2019-08-26 16:20:22', '1', '0', '1');
INSERT INTO `evaluate` VALUES ('3', '27', 'testandnadh2hnan dahtestandnadh2hnan dahtestandnadh2hnan dahtestandnadh2hnan dahtestandnadh2hnan dahtestandnadh2hnan dahtestandnadh2hnan dah', '2019-08-26 16:21:30', '11', '1', '2');

-- ----------------------------
-- Table structure for funs
-- ----------------------------
DROP TABLE IF EXISTS `funs`;
CREATE TABLE `funs` (
  `fun_id` int(10) NOT NULL AUTO_INCREMENT COMMENT '功能编号',
  `fun_name` varchar(100) NOT NULL COMMENT '功能',
  `fun_url` varchar(100) DEFAULT NULL COMMENT '功能url',
  `fun_pid` int(10) DEFAULT NULL COMMENT '父类id',
  `fun_target` varchar(100) DEFAULT NULL COMMENT 'target属性',
  PRIMARY KEY (`fun_id`)
) ENGINE=InnoDB AUTO_INCREMENT=18 DEFAULT CHARSET=utf8;

-- ----------------------------
-- Records of funs
-- ----------------------------
INSERT INTO `funs` VALUES ('1', '商品管理', null, null, null);
INSERT INTO `funs` VALUES ('2', '订单管理', null, null, null);
INSERT INTO `funs` VALUES ('3', '用户管理', null, null, null);
INSERT INTO `funs` VALUES ('4', '轮播图管理', null, null, null);
INSERT INTO `funs` VALUES ('5', '评论管理', null, null, null);
INSERT INTO `funs` VALUES ('6', '商品分类管理', null, null, null);
INSERT INTO `funs` VALUES ('7', '账号管理', null, null, null);
INSERT INTO `funs` VALUES ('8', '查看商品', 'view/goodslist', '1', 'myframe');
INSERT INTO `funs` VALUES ('9', '添加商品', 'view/addGoods', '1', 'myframe');
INSERT INTO `funs` VALUES ('10', '查看订单', 'view/orderlist', '2', 'myframe');
INSERT INTO `funs` VALUES ('11', '查看用户', 'view/userlist', '3', 'myframe');
INSERT INTO `funs` VALUES ('12', '查看轮播图', 'view/bannerlist', '4', 'myframe');
INSERT INTO `funs` VALUES ('13', '添加轮播图', 'view/addbanner', '4', 'myframe');
INSERT INTO `funs` VALUES ('14', '查看评论', 'view/evalist', '5', 'myframe');
INSERT INTO `funs` VALUES ('15', '查看商品分类', 'view/typelist', '6', 'myframe');
INSERT INTO `funs` VALUES ('16', '查看管理员', 'view/adminlist', '7', 'myframe');
INSERT INTO `funs` VALUES ('17', '修改密码', 'view/updatepass', '7', 'myframe');

-- ----------------------------
-- Table structure for goods
-- ----------------------------
DROP TABLE IF EXISTS `goods`;
CREATE TABLE `goods` (
  `goods_id` int(10) NOT NULL AUTO_INCREMENT COMMENT '商品编号',
  `goods_name` varchar(255) NOT NULL COMMENT '商品名称',
  `goods_price` double(10,1) NOT NULL COMMENT '商品价格',
  `goods_num` int(10) NOT NULL COMMENT '库存',
  `goods_type` int(10) NOT NULL COMMENT '外键 所属分类',
  `goods_memory` int(10) NOT NULL COMMENT '外键 内存',
  `goods_color` varchar(50) NOT NULL COMMENT '颜色',
  `goods_img` varchar(255) NOT NULL COMMENT '商品图片路径',
  `goods_state` int(10) NOT NULL DEFAULT '1' COMMENT '商品状态 默认为1\r\n 1：有货 0：缺货 -1:下架',
  `goods_desc` varchar(255) NOT NULL COMMENT '商品描述',
  `goods_volume` int(10) NOT NULL DEFAULT '0' COMMENT '销量',
  PRIMARY KEY (`goods_id`)
) ENGINE=InnoDB AUTO_INCREMENT=13 DEFAULT CHARSET=utf8;

-- ----------------------------
-- Records of goods
-- ----------------------------
INSERT INTO `goods` VALUES ('1', 'iPhone X', '6099.0', '18', '1', '3', '白色', 'iPhoneX.jpg', '1', '我是iPhone X zhzhzhhzhzh', '17');
INSERT INTO `goods` VALUES ('2', ' iPhone 8 plus', '4599.0', '0', '1', '3', '白色', 'iPhone 8plus.jpg', '0', '我是iPhone X zhzhzhhzhz', '17');
INSERT INTO `goods` VALUES ('3', 'iPhone 7 plus', '3599.0', '19', '1', '2', '金色', 'iPhone7 plus.jpg', '1', 'djajsdjasdjjjjjjjjj', '1');
INSERT INTO `goods` VALUES ('4', 'iPhone 8', '399.0', '20', '1', '1', '白色', 'iPhone8.jpg', '1', '打哈哈都好说得很好', '0');
INSERT INTO `goods` VALUES ('5', 'iPhone 7', '1999.0', '19', '1', '1', '黑色', 'iPhone7.jpg', '1', 'iphone7 32GB', '1');
INSERT INTO `goods` VALUES ('6', 'iPhone 6s plus', '999.0', '20', '1', '2', '玫瑰金', 'iPhone6s plus.jpg', '1', 'iPhone6s plus 64GB呢', '0');
INSERT INTO `goods` VALUES ('7', '华为 HUAWEI nova', '1999.0', '20', '2', '10', '绿色', '华为 HUAWEI nova.jpg', '1', '华为 HUAWEI novannnnnnnnnnnnnnnnnnnnnnnnnn', '0');
INSERT INTO `goods` VALUES ('8', '华为mate10', '2000.0', '25', '2', '11', '玫瑰金', '华为mate10.jpg', '1', '华为mate10jjjjjj', '11');
INSERT INTO `goods` VALUES ('9', '华为P10 plus', '699.0', '25', '2', '12', '白色', '7484942145e64de3a54bcc16a95d243e.jpg', '1', '华为P10 plus只要699z', '0');
INSERT INTO `goods` VALUES ('10', '小米 MIX 2s', '3299.0', '30', '3', '13', '白色', '小米MIX2s.jpg', '0', '小米MIX2s新品上市', '3');
INSERT INTO `goods` VALUES ('11', '小米note3', '1399.0', '13', '3', '9', '蓝色', '小米note3.jpg', '1', '小米note3促销促销', '10');
INSERT INTO `goods` VALUES ('12', '小米6', '1999.0', '19', '3', '10', '蓝色', '9a359f0c796843949dd3173e098b1ba7.jpg', '1', 'asdasdadasdasd', '1');

-- ----------------------------
-- Table structure for goods_type
-- ----------------------------
DROP TABLE IF EXISTS `goods_type`;
CREATE TABLE `goods_type` (
  `type_id` int(10) NOT NULL AUTO_INCREMENT COMMENT '分类编号',
  `type_name` varchar(50) NOT NULL COMMENT '分类名称',
  `type_state` int(10) NOT NULL DEFAULT '1' COMMENT '状态 默认为1\r\n   1：正常 0：下架',
  PRIMARY KEY (`type_id`)
) ENGINE=InnoDB AUTO_INCREMENT=7 DEFAULT CHARSET=utf8;

-- ----------------------------
-- Records of goods_type
-- ----------------------------
INSERT INTO `goods_type` VALUES ('1', '苹果手机', '1');
INSERT INTO `goods_type` VALUES ('2', '华为手机', '1');
INSERT INTO `goods_type` VALUES ('3', '小米手机', '1');
INSERT INTO `goods_type` VALUES ('4', 'OPPO手机z', '1');
INSERT INTO `goods_type` VALUES ('5', '三星手机', '-1');
INSERT INTO `goods_type` VALUES ('6', 'VIVO手机', '-1');

-- ----------------------------
-- Table structure for guess
-- ----------------------------
DROP TABLE IF EXISTS `guess`;
CREATE TABLE `guess` (
  `guess_id` int(10) NOT NULL AUTO_INCREMENT COMMENT '收藏编号',
  `guess_goods` int(10) NOT NULL COMMENT '外键 收藏商品',
  `guess_user` int(10) NOT NULL COMMENT '外键 所属用户',
  `guess_date` datetime NOT NULL COMMENT '收藏时间',
  PRIMARY KEY (`guess_id`)
) ENGINE=InnoDB AUTO_INCREMENT=26 DEFAULT CHARSET=utf8;

-- ----------------------------
-- Records of guess
-- ----------------------------
INSERT INTO `guess` VALUES ('5', '3', '27', '2019-08-22 07:58:52');
INSERT INTO `guess` VALUES ('6', '6', '27', '2019-08-22 07:59:22');
INSERT INTO `guess` VALUES ('9', '8', '27', '2019-08-22 08:05:14');
INSERT INTO `guess` VALUES ('23', '2', '27', '2019-08-27 08:56:19');
INSERT INTO `guess` VALUES ('24', '5', '27', '2019-09-02 05:19:05');
INSERT INTO `guess` VALUES ('25', '1', '27', '2019-09-05 09:40:21');

-- ----------------------------
-- Table structure for memory
-- ----------------------------
DROP TABLE IF EXISTS `memory`;
CREATE TABLE `memory` (
  `memory_id` int(10) NOT NULL AUTO_INCREMENT COMMENT '内存编号',
  `memory_name` varchar(50) NOT NULL COMMENT '内存名称 RAM + ROM',
  PRIMARY KEY (`memory_id`)
) ENGINE=InnoDB AUTO_INCREMENT=22 DEFAULT CHARSET=utf8;

-- ----------------------------
-- Records of memory
-- ----------------------------
INSERT INTO `memory` VALUES ('1', '32GB');
INSERT INTO `memory` VALUES ('2', '64GB');
INSERT INTO `memory` VALUES ('3', '128GB');
INSERT INTO `memory` VALUES ('4', '256GB');
INSERT INTO `memory` VALUES ('6', '3GB+32GB');
INSERT INTO `memory` VALUES ('7', '3GB+64GB');
INSERT INTO `memory` VALUES ('9', '4GB+32GB');
INSERT INTO `memory` VALUES ('10', '4GB+64GB');
INSERT INTO `memory` VALUES ('11', '4GB+128GB');
INSERT INTO `memory` VALUES ('12', '6GB+64GB');
INSERT INTO `memory` VALUES ('13', '6GB+128GB');
INSERT INTO `memory` VALUES ('16', '8GB+128GB');
INSERT INTO `memory` VALUES ('17', '8GB+256GB');
INSERT INTO `memory` VALUES ('18', '8GB+512GB');

-- ----------------------------
-- Table structure for order
-- ----------------------------
DROP TABLE IF EXISTS `order`;
CREATE TABLE `order` (
  `order_id` varchar(50) NOT NULL COMMENT '订单编号',
  `order_user` int(10) NOT NULL COMMENT '外键 所属用户',
  `order_date` datetime NOT NULL COMMENT '订单时间',
  `order_price` double(10,1) NOT NULL COMMENT '订单价格',
  `order_state` int(10) NOT NULL DEFAULT '1' COMMENT '订单状态 默认为1\r\n1:待付款 2：待发货\r\n3：待收货 4：待评价 5：完成\r\n-1：申请退货 -2：已退款',
  `order_username` varchar(20) NOT NULL COMMENT '收件人',
  `order_phone` varchar(11) NOT NULL COMMENT '联系方式',
  `order_address` varchar(100) NOT NULL COMMENT '收件地址',
  `order_expressno` varchar(100) DEFAULT NULL COMMENT '快递单号',
  PRIMARY KEY (`order_id`)
) ENGINE=InnoDB DEFAULT CHARSET=utf8;

-- ----------------------------
-- Records of order
-- ----------------------------
INSERT INTO `order` VALUES ('1319528904804e0a8063a212a908a595', '27', '2019-08-26 15:51:35', '6099.0', '5', '茹茹', '15827367671', '广东省中山市石岐区电子科技大学中山学院', '110218381238218');
INSERT INTO `order` VALUES ('19b7f359d9464847abb052daa19d8816', '27', '2019-07-07 03:36:14', '6099.0', '5', 'wxj124', '15362146246', '江苏省南京市秦淮区南京市政府门口', '110218381238218123');
INSERT INTO `order` VALUES ('1a220f3cd1f347aea8016be784ed7fe8', '27', '2019-08-26 03:39:32', '9198.0', '2', 'wxj124', '15362146246', '江苏省南京市秦淮区南京市政府门口', null);
INSERT INTO `order` VALUES ('20a4a9c13d5b4bba9c77152d4f2527e4', '27', '2019-09-06 12:41:40', '3299.0', '2', 'wxj124', '15362146246', '江苏省南京市秦淮区南京市政府门口', null);
INSERT INTO `order` VALUES ('25a87537e94543288e8388e1f0632aa1', '27', '2019-08-26 12:22:38', '1399.0', '1', 'wxj1235', '15362146279', '北京北京市东城区东城区2号', '110218381238218123123');
INSERT INTO `order` VALUES ('2ea5e12c12d44f5194d977406c4c6eea', '27', '2019-09-04 04:16:40', '1999.0', '1', 'wxj1235', '15362146279', '北京北京市东城区东城区1号', null);
INSERT INTO `order` VALUES ('53ce1e21225e454caf88894658bd308a', '27', '2019-04-26 03:28:29', '3599.0', '2', 'wxj124', '15362146246', '江苏省南京市秦淮区南京市政府门口', null);
INSERT INTO `order` VALUES ('5bec6e91c97f4f61abaa39206d4e408b', '27', '2019-02-01 16:09:41', '3299.0', '2', '茹茹', '15827367671', '广东省中山市石岐区电子科技大学中山学院', null);
INSERT INTO `order` VALUES ('a49ac1c68cb94946acec8b7b35d89503', '27', '2019-06-26 03:01:17', '10099.0', '2', 'wxj124', '15362146246', '江苏省南京市秦淮区南京市政府门口', null);
INSERT INTO `order` VALUES ('ac584f4a2f91464f8ed8d9ed7636b24c', '27', '2019-09-06 12:34:17', '3299.0', '1', '茹茹', '15827367671', '广东省中山市石岐区电子科技大学中山学院', null);
INSERT INTO `order` VALUES ('d58d442c07fa4af899732837c4d42f8b', '27', '2019-10-01 05:21:48', '1999.0', '3', '老佳', '15823772712', '广东省中山市古镇镇华星灯配城C30-31', '1223');
INSERT INTO `order` VALUES ('f3e352054a6f4f1894e8cfa30aad1b81', '27', '2019-05-01 17:21:40', '4599.0', '1', '茹茹', '15827367671', '广东省中山市石岐区电子科技大学中山学院', null);
INSERT INTO `order` VALUES ('ff14e37624ab4aa9b0c5fae1d6e953da', '27', '2019-08-26 12:21:30', '4599.0', '-1', '茹茹', '15827367671', '广东省中山市石岐区电子科技大学中山学院', null);

-- ----------------------------
-- Table structure for ordersearchvo
-- ----------------------------
DROP TABLE IF EXISTS `ordersearchvo`;
CREATE TABLE `ordersearchvo` (
  `orderId` varchar(50) NOT NULL COMMENT '订单编号',
  `startDate` varchar(50) NOT NULL COMMENT '订单创建时间',
  `endDate` varchar(50) DEFAULT NULL COMMENT '订单结束时间',
  `orderState` int(10) NOT NULL DEFAULT '0' COMMENT '订单状态',
  PRIMARY KEY (`orderId`)
) ENGINE=InnoDB DEFAULT CHARSET=utf8;

-- ----------------------------
-- Records of ordersearchvo
-- ----------------------------
INSERT INTO `ordersearchvo` VALUES ('20a4a9c13d5b4bba9c77152d4f2527e4', '2019-09-06 20:41:39', null, '2');
INSERT INTO `ordersearchvo` VALUES ('2ea5e12c12d44f5194d977406c4c6eea', '2019-09-04 04:16:40', null, '1');
INSERT INTO `ordersearchvo` VALUES ('ac584f4a2f91464f8ed8d9ed7636b24c', '2019-09-06 20:34:16', null, '0');
INSERT INTO `ordersearchvo` VALUES ('d58d442c07fa4af899732837c4d42f8b', '2019-09-02 05:21:48', null, '3');

-- ----------------------------
-- Table structure for ordervo
-- ----------------------------
DROP TABLE IF EXISTS `ordervo`;
CREATE TABLE `ordervo` (
  `totalMoney` bigint(10) DEFAULT NULL COMMENT '当月销售总额',
  `orderMonth` varchar(50) DEFAULT NULL COMMENT '月份',
  `sheets` int(10) DEFAULT NULL COMMENT '当月销量'
) ENGINE=InnoDB DEFAULT CHARSET=utf8;

-- ----------------------------
-- Records of ordervo
-- ----------------------------

-- ----------------------------
-- Table structure for order_detail
-- ----------------------------
DROP TABLE IF EXISTS `order_detail`;
CREATE TABLE `order_detail` (
  `detail_id` int(10) NOT NULL AUTO_INCREMENT COMMENT '订单详情编号',
  `detail_order` varchar(50) NOT NULL COMMENT '外键 所属订单',
  `detail_goods` int(10) NOT NULL COMMENT '外键 所属商品',
  `detail_price` double(10,1) NOT NULL COMMENT '商品单价',
  `detail_num` int(10) NOT NULL COMMENT '数量',
  PRIMARY KEY (`detail_id`)
) ENGINE=InnoDB AUTO_INCREMENT=46 DEFAULT CHARSET=utf8;

-- ----------------------------
-- Records of order_detail
-- ----------------------------
INSERT INTO `order_detail` VALUES ('32', 'a49ac1c68cb94946acec8b7b35d89503', '1', '6099.0', '1');
INSERT INTO `order_detail` VALUES ('33', 'a49ac1c68cb94946acec8b7b35d89503', '8', '2000.0', '2');
INSERT INTO `order_detail` VALUES ('34', '53ce1e21225e454caf88894658bd308a', '3', '3599.0', '1');
INSERT INTO `order_detail` VALUES ('35', '19b7f359d9464847abb052daa19d8816', '1', '6099.0', '1');
INSERT INTO `order_detail` VALUES ('36', '1a220f3cd1f347aea8016be784ed7fe8', '2', '4599.0', '2');
INSERT INTO `order_detail` VALUES ('37', 'ff14e37624ab4aa9b0c5fae1d6e953da', '2', '4599.0', '1');
INSERT INTO `order_detail` VALUES ('38', '25a87537e94543288e8388e1f0632aa1', '11', '1399.0', '1');
INSERT INTO `order_detail` VALUES ('39', '1319528904804e0a8063a212a908a595', '1', '6099.0', '1');
INSERT INTO `order_detail` VALUES ('40', '5bec6e91c97f4f61abaa39206d4e408b', '10', '3299.0', '1');
INSERT INTO `order_detail` VALUES ('41', 'f3e352054a6f4f1894e8cfa30aad1b81', '2', '4599.0', '1');
INSERT INTO `order_detail` VALUES ('42', 'd58d442c07fa4af899732837c4d42f8b', '5', '1999.0', '1');
INSERT INTO `order_detail` VALUES ('43', '2ea5e12c12d44f5194d977406c4c6eea', '12', '1999.0', '1');
INSERT INTO `order_detail` VALUES ('44', 'ac584f4a2f91464f8ed8d9ed7636b24c', '10', '3299.0', '1');
INSERT INTO `order_detail` VALUES ('45', '20a4a9c13d5b4bba9c77152d4f2527e4', '10', '3299.0', '1');

-- ----------------------------
-- Table structure for permissions
-- ----------------------------
DROP TABLE IF EXISTS `permissions`;
CREATE TABLE `permissions` (
  `permission_role` int(10) NOT NULL COMMENT '外键 角色权限',
  `permission_fun` int(10) NOT NULL COMMENT '外键 权限功能'
) ENGINE=InnoDB DEFAULT CHARSET=utf8;

-- ----------------------------
-- Records of permissions
-- ----------------------------
INSERT INTO `permissions` VALUES ('1', '1');
INSERT INTO `permissions` VALUES ('1', '2');
INSERT INTO `permissions` VALUES ('1', '3');
INSERT INTO `permissions` VALUES ('1', '4');
INSERT INTO `permissions` VALUES ('1', '5');
INSERT INTO `permissions` VALUES ('1', '6');
INSERT INTO `permissions` VALUES ('1', '7');
INSERT INTO `permissions` VALUES ('2', '1');
INSERT INTO `permissions` VALUES ('2', '2');
INSERT INTO `permissions` VALUES ('2', '3');
INSERT INTO `permissions` VALUES ('2', '4');
INSERT INTO `permissions` VALUES ('2', '5');
INSERT INTO `permissions` VALUES ('2', '6');
INSERT INTO `permissions` VALUES ('2', '17');
INSERT INTO `permissions` VALUES ('3', '2');
INSERT INTO `permissions` VALUES ('3', '1');
INSERT INTO `permissions` VALUES ('3', '5');
INSERT INTO `permissions` VALUES ('3', '17');

-- ----------------------------
-- Table structure for provinces
-- ----------------------------
DROP TABLE IF EXISTS `provinces`;
CREATE TABLE `provinces` (
  `province_id` varchar(10) CHARACTER SET utf8 COLLATE utf8_general_ci NOT NULL COMMENT '省份编号',
  `province_name` varchar(20) NOT NULL COMMENT '省份名称',
  PRIMARY KEY (`province_id`)
) ENGINE=InnoDB DEFAULT CHARSET=utf8;

-- ----------------------------
-- Records of provinces
-- ----------------------------
INSERT INTO `provinces` VALUES ('1', '北京');
INSERT INTO `provinces` VALUES ('10', '黑龙江省');
INSERT INTO `provinces` VALUES ('11', '江苏省');
INSERT INTO `provinces` VALUES ('12', '浙江省');
INSERT INTO `provinces` VALUES ('13', '安徽省');
INSERT INTO `provinces` VALUES ('14', '福建省');
INSERT INTO `provinces` VALUES ('15', '江西省');
INSERT INTO `provinces` VALUES ('16', '山东省');
INSERT INTO `provinces` VALUES ('17', '河南省');
INSERT INTO `provinces` VALUES ('18', '湖北省');
INSERT INTO `provinces` VALUES ('19', '湖南省');
INSERT INTO `provinces` VALUES ('2', '天津');
INSERT INTO `provinces` VALUES ('20', '广东省');
INSERT INTO `provinces` VALUES ('21', '甘肃省');
INSERT INTO `provinces` VALUES ('22', '四川省');
INSERT INTO `provinces` VALUES ('23', '贵州省');
INSERT INTO `provinces` VALUES ('24', '海南省');
INSERT INTO `provinces` VALUES ('25', '云南省');
INSERT INTO `provinces` VALUES ('26', '青海省');
INSERT INTO `provinces` VALUES ('27', '陕西省');
INSERT INTO `provinces` VALUES ('28', '广西壮族自治区');
INSERT INTO `provinces` VALUES ('29', '西藏自治区');
INSERT INTO `provinces` VALUES ('3', '上海');
INSERT INTO `provinces` VALUES ('30', '宁夏回族自治区');
INSERT INTO `provinces` VALUES ('31', '新疆维吾尔自治区');
INSERT INTO `provinces` VALUES ('32', '内蒙古自治区');
INSERT INTO `provinces` VALUES ('4', '重庆');
INSERT INTO `provinces` VALUES ('5', '河北省');
INSERT INTO `provinces` VALUES ('6', '山西省');
INSERT INTO `provinces` VALUES ('8', '辽宁省');
INSERT INTO `provinces` VALUES ('9', '吉林省');

-- ----------------------------
-- Table structure for role
-- ----------------------------
DROP TABLE IF EXISTS `role`;
CREATE TABLE `role` (
  `role_id` int(10) NOT NULL AUTO_INCREMENT COMMENT '权限编号',
  `role_name` varchar(20) NOT NULL COMMENT '权限名称',
  PRIMARY KEY (`role_id`)
) ENGINE=InnoDB AUTO_INCREMENT=4 DEFAULT CHARSET=utf8;

-- ----------------------------
-- Records of role
-- ----------------------------
INSERT INTO `role` VALUES ('1', '超级管理员');
INSERT INTO `role` VALUES ('2', '普通管理员');
INSERT INTO `role` VALUES ('3', '审核员');

-- ----------------------------
-- Table structure for users
-- ----------------------------
DROP TABLE IF EXISTS `users`;
CREATE TABLE `users` (
  `user_id` int(10) NOT NULL AUTO_INCREMENT COMMENT '会员编号',
  `user_name` varchar(20) CHARACTER SET utf8 COLLATE utf8_general_ci NOT NULL COMMENT '名称',
  `user_pass` varchar(100) CHARACTER SET utf8 COLLATE utf8_general_ci NOT NULL COMMENT '密码',
  `user_email` varchar(30) CHARACTER SET utf8 COLLATE utf8_general_ci NOT NULL COMMENT '邮箱',
  `user_state` int(10) NOT NULL DEFAULT '1' COMMENT '状态 默认为1 1：正常 0：禁用  -1：删除',
  `user_img` varchar(255) CHARACTER SET utf8 COLLATE utf8_general_ci NOT NULL DEFAULT '1' COMMENT '头像路径',
  `user_phone` varchar(11) CHARACTER SET utf8 COLLATE utf8_general_ci NOT NULL COMMENT '注册手机',
  PRIMARY KEY (`user_id`) USING BTREE
) ENGINE=InnoDB AUTO_INCREMENT=30 DEFAULT CHARSET=utf8;

-- ----------------------------
-- Records of users
-- ----------------------------
INSERT INTO `users` VALUES ('1', 'user', 'user', '937872621@qq.com', '1', '5ace1f62d7234dc986bfaf79d8164416.jpg', '15362146251');
INSERT INTO `users` VALUES ('2', 'root', 'root', '85812376@qq.com', '1', '头像1.jpg', '15827366231');
INSERT INTO `users` VALUES ('3', 'user1', '123', '856772137@qq.com', '0', 'efa12e0a5d0843c6ba620e73865c6caf.jpg', '15838757222');
INSERT INTO `users` VALUES ('27', 'test', 'e10adc3949ba59abbe56e057f20f883e', '93787261@qq.com', '1', '1', '15362146250');
